"subject","baseline","instruction","threshold","phs","phs_01","TCF"
1,32,"detect",29.7033333333333,0,0,0.045933333333334
2,32,"detect",31.0533333333333,0,0,0.018933333333334
3,32,"detect",29.7466666666667,0,0,0.045066666666666
4,32,"detect",31.3833333333333,0,0,0.012333333333334
5,32,"detect",30.9133333333333,0,0,0.021733333333334
6,32,"detect",29.9833333333333,0,0,0.040333333333334
7,32,"detect",30.55,0,0,0.029
8,32,"detect",30.83,0,0,0.0234
9,32,"detect",29.41,3,1,0.0518
10,32,"detect",30.44,0,0,0.0312
11,32,"detect",28.9833333333333,0,0,0.060333333333334
12,32,"detect",30.9366666666667,0,0,0.021266666666666
13,32,"detect",30.5433333333333,1,1,0.029133333333334
14,32,"detect",30.69,0,0,0.0262
15,32,"detect",29.6766666666667,0,0,0.046466666666666
16,32,"detect",30.9566666666667,0,0,0.020866666666666
17,32,"detect",31.3466666666667,0,0,0.013066666666666
18,32,"detect",29.6566666666667,0,0,0.046866666666666
19,32,"detect",31.1933333333333,0,0,0.016133333333334
20,32,"detect",29.7633333333333,0,0,0.044733333333334
21,32,"detect",27.8666666666667,0,0,0.082666666666666
22,32,"detect",30.75,0,0,0.025
23,32,"detect",29.8733333333333,0,0,0.042533333333334
24,32,"detect",30.6366666666667,0,0,0.027266666666666
25,32,"detect",30.8333333333333,0,0,0.023333333333334
26,32,"detect",29.88,0,0,0.0424
27,32,"detect",30.45,0,0,0.031
28,32,"detect",30.88,0,0,0.0224
29,32,"detect",30.14,0,0,0.0372
30,32,"detect",29.14,0,0,0.0572
31,32,"detect",29.03,0,0,0.0594
32,32,"detect",28.9333333333333,0,0,0.061333333333334
33,32,"detect",31.2166666666667,0,0,0.015666666666666
34,32,"detect",29.8,0,0,0.044
35,32,"detect",29.9166666666667,0,0,0.041666666666666
36,32,"detect",31.0366666666667,1,1,0.019266666666666
37,32,"detect",30.9433333333333,0,0,0.021133333333334
38,32,"detect",27.6566666666667,1,1,0.086866666666666
39,32,"detect",30.1066666666667,0,0,0.037866666666666
40,32,"detect",30.5166666666667,0,0,0.029666666666666
41,32,"detect",31.3833333333333,0,0,0.012333333333334
42,32,"detect",30.6866666666667,0,0,0.026266666666666
43,32,"detect",30.23,0,0,0.0354
44,32,"detect",30.54,0,0,0.0292
45,32,"detect",29.9566666666667,0,0,0.040866666666666
46,32,"detect",29.1933333333333,0,0,0.056133333333334
47,32,"detect",30.8766666666667,0,0,0.022466666666666
48,32,"detect",29.93,0,0,0.0414
49,32,"detect",31.3666666666667,0,0,0.012666666666666
50,32,"detect",30.62,0,0,0.0276
51,32,"detect",31.15,0,0,0.017
52,32,"detect",29.2733333333333,0,0,0.054533333333334
53,32,"detect",29.2566666666667,0,0,0.054866666666666
54,32,"detect",29.7766666666667,0,0,0.044466666666666
55,32,"detect",28.5433333333333,2,1,0.069133333333334
56,32,"detect",30.5633333333333,0,0,0.028733333333334
57,32,"detect",29.8133333333333,0,0,0.043733333333334
58,32,"detect",29.9933333333333,0,0,0.040133333333334
59,32,"detect",30.48,0,0,0.0304
60,32,"detect",31.2833333333333,0,0,0.014333333333334
61,32,"detect",30.8566666666667,0,0,0.022866666666666
62,32,"detect",29.71,0,0,0.0458
63,32,"detect",30.8533333333333,0,0,0.022933333333334
64,32,"detect",30.2033333333333,0,0,0.035933333333334
65,32,"detect",27.1633333333333,0,0,0.096733333333334
66,32,"detect",28.2866666666667,1,1,0.074266666666666
67,32,"detect",30.3166666666667,0,0,0.033666666666666
68,32,"detect",31.1466666666667,0,0,0.017066666666666
69,32,"detect",29.98,0,0,0.0404
70,32,"detect",30.7766666666667,0,0,0.024466666666666
71,32,"detect",30.72,0,0,0.0256
72,32,"detect",31.1766666666667,0,0,0.016466666666666
73,32,"detect",29.7766666666667,0,0,0.044466666666666
74,32,"detect",29.3066666666667,0,0,0.053866666666666
75,32,"detect",30.8966666666667,0,0,0.022066666666666
76,32,"detect",30.6066666666667,0,0,0.027866666666666
77,32,"detect",30.03,0,0,0.0394
78,32,"detect",29.9866666666667,0,0,0.040266666666666
79,32,"detect",30.3666666666667,0,0,0.032666666666666
80,32,"detect",30.7633333333333,0,0,0.024733333333334
81,32,"detect",31.14,0,0,0.0172
82,32,"detect",29.0133333333333,0,0,0.059733333333334
83,32,"detect",30.43,0,0,0.0314
84,32,"detect",30.61,0,0,0.0278
85,32,"detect",30.8966666666667,0,0,0.022066666666666
86,32,"detect",28.78,0,0,0.0644
87,32,"detect",31.14,0,0,0.0172
88,32,"detect",28.1666666666667,0,0,0.076666666666666
89,32,"detect",28.73,0,0,0.0654
90,32,"detect",30.5366666666667,0,0,0.029266666666666
91,32,"detect",30.93,0,0,0.0214
92,32,"detect",20.8966666666667,0,0,0.222066666666666
93,32,"detect",27.2566666666667,0,0,0.094866666666666
94,32,"detect",30.7,0,0,0.026
95,32,"detect",30.73,0,0,0.0254
96,32,"detect",29.6,0,0,0.048
97,32,"detect",29.9466666666667,0,0,0.041066666666666
98,32,"detect",26.9733333333333,1,1,0.100533333333334
99,32,"detect",30.6566666666667,0,0,0.026866666666666
100,32,"detect",30.39,0,0,0.0322
101,32,"detect",24.4133333333333,3,1,0.151733333333334
102,32,"detect",30.5533333333333,0,0,0.028933333333334
103,32,"detect",30.19,0,0,0.0362
104,32,"detect",30.13,0,0,0.0374
105,32,"detect",20.5266666666667,1,1,0.229466666666666
106,32,"detect",29.0966666666667,0,0,0.058066666666666
107,32,"detect",30.71,0,0,0.0258
108,32,"detect",30.14,0,0,0.0372
109,32,"detect",29.2333333333333,0,0,0.055333333333334
110,32,"detect",29.87,0,0,0.0426
111,32,"detect",26.04,0,0,0.1192
112,32,"detect",30.75,0,0,0.025
113,32,"detect",30.12,0,0,0.0376
114,32,"detect",31.0966666666667,0,0,0.018066666666666
115,32,"detect",30.4833333333333,0,0,0.030333333333334
116,32,"detect",30.56,0,0,0.0288
117,32,"detect",29.7366666666667,0,0,0.045266666666666
118,32,"detect",29.5966666666667,0,0,0.048066666666666
119,32,"detect",27.44,0,0,0.0912
120,32,"detect",29.2333333333333,0,0,0.055333333333334
121,32,"detect",30.2866666666667,0,0,0.034266666666666
122,32,"detect",28.98,0,0,0.0604
123,32,"detect",29.6733333333333,0,0,0.046533333333334
124,32,"detect",30.36,0,0,0.0328
125,32,"detect",30.2466666666667,0,0,0.035066666666666
126,32,"detect",28.97,0,0,0.0606
127,32,"detect",29.1666666666667,0,0,0.056666666666666
128,32,"detect",30.3166666666667,0,0,0.033666666666666
129,32,"detect",29.7366666666667,0,0,0.045266666666666
130,32,"detect",28.2133333333333,0,0,0.075733333333334
131,32,"detect",28.4833333333333,0,0,0.070333333333334
132,32,"detect",30.9466666666667,0,0,0.021066666666666
133,32,"detect",27.7533333333333,1,1,0.084933333333334
134,32,"detect",27.1266666666667,0,0,0.097466666666666
135,32,"detect",29.99,0,0,0.0402
136,32,"detect",30.9266666666667,0,0,0.021466666666666
137,32,"detect",28.73,0,0,0.0654
138,32,"detect",31.2466666666667,0,0,0.015066666666666
139,32,"detect",31.3033333333333,0,0,0.013933333333334
140,32,"detect",27.8,1,1,0.084
141,32,"detect",29.3866666666667,0,0,0.052266666666666
142,32,"detect",30.3766666666667,0,0,0.032466666666666
143,32,"detect",31.31,0,0,0.0138
144,32,"detect",28.96,1,1,0.0608
145,32,"detect",30.8333333333333,0,0,0.023333333333334
146,32,"detect",29.3233333333333,0,0,0.053533333333334
147,32,"detect",30.0266666666667,0,0,0.039466666666666
148,32,"detect",30.9433333333333,0,0,0.021133333333334
149,32,"detect",28.2066666666667,0,0,0.075866666666666
150,32,"detect",30.0033333333333,0,0,0.039933333333334
151,32,"detect",30.0433333333333,0,0,0.039133333333334
152,32,"detect",30.0933333333333,0,0,0.038133333333334
153,32,"detect",31.2333333333333,0,0,0.015333333333334
154,32,"detect",30.91,0,0,0.0218
155,32,"detect",30.0033333333333,0,0,0.039933333333334
156,32,"detect",31.05,0,0,0.019
157,32,"detect",30.9066666666667,0,0,0.021866666666666
158,32,"detect",30.4033333333333,0,0,0.031933333333334
159,32,"detect",31.1333333333333,0,0,0.017333333333334
160,32,"detect",30.7566666666667,0,0,0.024866666666666
161,32,"detect",30.2566666666667,0,0,0.034866666666666
162,32,"detect",29.48,0,0,0.0504
163,32,"detect",30.99,0,0,0.0202
164,32,"detect",29.71,0,0,0.0458
165,32,"detect",31.04,0,0,0.0192
166,32,"detect",29.5833333333333,0,0,0.048333333333334
167,32,"detect",31.2233333333333,0,0,0.015533333333334
168,32,"detect",30.6966666666667,0,0,0.026066666666666
169,32,"detect",29.89,0,0,0.0422
170,32,"detect",30.8433333333333,0,0,0.023133333333334
171,32,"detect",31.1766666666667,0,0,0.016466666666666
172,32,"detect",29.8,0,0,0.044
173,32,"detect",30.2366666666667,0,0,0.035266666666666
174,32,"detect",29.5966666666667,0,0,0.048066666666666
175,32,"detect",31.3066666666667,0,0,0.013866666666666
176,32,"detect",26.6666666666667,2,1,0.106666666666666
177,32,"detect",30.1566666666667,0,0,0.036866666666666
178,32,"detect",27.3166666666667,1,1,0.093666666666666
179,32,"detect",30.0266666666667,0,0,0.039466666666666
180,32,"detect",30.09,0,0,0.0382
181,32,"detect",30.0133333333333,0,0,0.039733333333334
182,32,"detect",30.7233333333333,0,0,0.025533333333334
183,32,"detect",28.14,0,0,0.0772
184,32,"detect",30.2733333333333,0,0,0.034533333333334
185,32,"detect",28.2766666666667,2,1,0.074466666666666
186,32,"detect",30.45,0,0,0.031
187,32,"detect",28.8,0,0,0.064
188,32,"detect",30.5666666666667,0,0,0.028666666666666
189,32,"detect",30.58,0,0,0.0284
190,32,"detect",30.9533333333333,0,0,0.020933333333334
191,32,"detect",18.7566666666667,0,0,0.264866666666666
192,32,"detect",30.0433333333333,0,0,0.039133333333334
193,32,"detect",28.68,0,0,0.0664
194,32,"detect",28.49,0,0,0.0702
195,32,"detect",30.6266666666667,0,0,0.027466666666666
196,32,"detect",29.8833333333333,0,0,0.042333333333334
197,32,"detect",30.7633333333333,0,0,0.024733333333334
198,32,"detect",31.02,0,0,0.0196
199,32,"detect",30.3566666666667,0,0,0.032866666666666
200,32,"detect",31.2133333333333,0,0,0.015733333333334
201,32,"detect",30.98,0,0,0.0204
202,32,"detect",30.8166666666667,0,0,0.023666666666666
203,32,"detect",30.7833333333333,0,0,0.024333333333334
204,32,"detect",28.9033333333333,0,0,0.061933333333334
205,32,"detect",29.11,1,1,0.0578
206,32,"detect",30.2333333333333,0,0,0.035333333333334
207,32,"detect",30.9233333333333,0,0,0.021533333333334
208,32,"detect",30.46,0,0,0.0308
1,38,"detect",27.7766666666667,0,0,0.204466666666666
2,38,"detect",30.2866666666667,0,0,0.154266666666666
3,38,"detect",29.6766666666667,0,0,0.166466666666666
4,38,"detect",30.6666666666667,0,0,0.146666666666666
5,38,"detect",30.3333333333333,0,0,0.153333333333334
6,38,"detect",30.1766666666667,0,0,0.156466666666666
7,38,"detect",30.67,0,0,0.1466
8,38,"detect",29.6433333333333,0,0,0.167133333333334
9,38,"detect",29.21,0,0,0.1758
10,38,"detect",30.3666666666667,0,0,0.152666666666666
11,38,"detect",28.1366666666667,0,0,0.197266666666666
12,38,"detect",30.5766666666667,0,0,0.148466666666666
13,38,"detect",30.27,1,1,0.1546
14,38,"detect",30.89,0,0,0.1422
15,38,"detect",29.29,1,1,0.1742
16,38,"detect",30.46,0,0,0.1508
17,38,"detect",30.46,0,0,0.1508
18,38,"detect",25.4333333333333,0,0,0.251333333333334
19,38,"detect",31.1466666666667,1,1,0.137066666666666
20,38,"detect",29.92,0,0,0.1616
21,38,"detect",29.1766666666667,0,0,0.176466666666666
22,38,"detect",30.2266666666667,0,0,0.155466666666666
23,38,"detect",28.46,0,0,0.1908
24,38,"detect",30.3766666666667,0,0,0.152466666666666
25,38,"detect",30.57,0,0,0.1486
26,38,"detect",28.5466666666667,1,1,0.189066666666666
27,38,"detect",30.21,0,0,0.1558
28,38,"detect",30.48,0,0,0.1504
29,38,"detect",28.6166666666667,0,0,0.187666666666666
30,38,"detect",29.6366666666667,0,0,0.167266666666666
31,38,"detect",29.9266666666667,0,0,0.161466666666666
32,38,"detect",28.7333333333333,0,0,0.185333333333334
33,38,"detect",29.9166666666667,0,0,0.161666666666666
34,38,"detect",28.9766666666667,0,0,0.180466666666666
35,38,"detect",29.7866666666667,0,0,0.164266666666666
36,38,"detect",31.5766666666667,0,0,0.128466666666666
37,38,"detect",28.9633333333333,1,1,0.180733333333334
38,38,"detect",28.36,1,1,0.1928
39,38,"detect",27.3433333333333,0,0,0.213133333333334
40,38,"detect",30.3133333333333,0,0,0.153733333333334
41,38,"detect",30.0766666666667,1,1,0.158466666666666
42,38,"detect",30.66,0,0,0.1468
43,38,"detect",29.8666666666667,0,0,0.162666666666666
44,38,"detect",29.9466666666667,0,0,0.161066666666666
45,38,"detect",29.2466666666667,2,1,0.175066666666666
46,38,"detect",29.0666666666667,0,0,0.178666666666666
47,38,"detect",30.66,0,0,0.1468
48,38,"detect",29.0933333333333,0,0,0.178133333333334
49,38,"detect",30.25,0,0,0.155
50,38,"detect",29.54,0,0,0.1692
51,38,"detect",30.43,0,0,0.1514
52,38,"detect",29.45,0,0,0.171
53,38,"detect",29.97,0,0,0.1606
54,38,"detect",30.1733333333333,0,0,0.156533333333334
55,38,"detect",29.45,0,0,0.171
56,38,"detect",30.6466666666667,0,0,0.147066666666666
57,38,"detect",29.73,0,0,0.1654
58,38,"detect",28.6833333333333,0,0,0.186333333333334
59,38,"detect",30.0133333333333,0,0,0.159733333333334
60,38,"detect",30.9466666666667,0,0,0.141066666666666
61,38,"detect",29.93,0,0,0.1614
62,38,"detect",30.4766666666667,0,0,0.150466666666666
63,38,"detect",30.0533333333333,0,0,0.158933333333334
64,38,"detect",29.9366666666667,0,0,0.161266666666666
65,38,"detect",26.21,0,0,0.2358
66,38,"detect",29.7133333333333,1,1,0.165733333333334
67,38,"detect",29.9866666666667,0,0,0.160266666666666
68,38,"detect",30.6066666666667,0,0,0.147866666666666
69,38,"detect",26.8133333333333,1,1,0.223733333333334
70,38,"detect",29.1566666666667,0,0,0.176866666666666
71,38,"detect",30.25,0,0,0.155
72,38,"detect",29.3133333333333,0,0,0.173733333333334
73,38,"detect",25.77,3,1,0.2446
74,38,"detect",28.5533333333333,0,0,0.188933333333334
75,38,"detect",29.38,0,0,0.1724
76,38,"detect",29.73,0,0,0.1654
77,38,"detect",29.92,0,0,0.1616
78,38,"detect",26.5833333333333,1,1,0.228333333333334
79,38,"detect",29.1766666666667,0,0,0.176466666666666
80,38,"detect",29.12,0,0,0.1776
81,38,"detect",30.5833333333333,0,0,0.148333333333334
82,38,"detect",28.8,0,0,0.184
83,38,"detect",29.9466666666667,0,0,0.161066666666666
84,38,"detect",30.9733333333333,1,1,0.140533333333334
85,38,"detect",30.8266666666667,0,0,0.143466666666666
86,38,"detect",28.51,0,0,0.1898
87,38,"detect",29.87,0,0,0.1626
88,38,"detect",27.4066666666667,0,0,0.211866666666666
89,38,"detect",27.7733333333333,0,0,0.204533333333334
90,38,"detect",30.0833333333333,0,0,0.158333333333334
91,38,"detect",30.19,0,0,0.1562
92,38,"detect",30.2,0,0,0.156
93,38,"detect",27.3666666666667,0,0,0.212666666666666
94,38,"detect",30.3366666666667,0,0,0.153266666666666
95,38,"detect",28.87,1,1,0.1826
96,38,"detect",29.16,0,0,0.1768
97,38,"detect",29.28,0,0,0.1744
98,38,"detect",27.69,0,0,0.2062
99,38,"detect",29.23,0,0,0.1754
100,38,"detect",30.12,0,0,0.1576
101,38,"detect",29.3533333333333,3,1,0.172933333333334
102,38,"detect",28.8066666666667,2,1,0.183866666666666
103,38,"detect",29.8133333333333,0,0,0.163733333333334
104,38,"detect",29.82,0,0,0.1636
105,38,"detect",30.6366666666667,0,0,0.147266666666666
106,38,"detect",28.4433333333333,1,1,0.191133333333334
107,38,"detect",31.0233333333333,0,0,0.139533333333334
108,38,"detect",30.4833333333333,0,0,0.150333333333334
109,38,"detect",28.7633333333333,0,0,0.184733333333334
110,38,"detect",30.3566666666667,0,0,0.152866666666666
111,38,"detect",26.5033333333333,0,0,0.229933333333334
112,38,"detect",30.6166666666667,0,0,0.147666666666666
113,38,"detect",29.7166666666667,0,0,0.165666666666666
114,38,"detect",30.5966666666667,0,0,0.148066666666666
115,38,"detect",29.9466666666667,0,0,0.161066666666666
116,38,"detect",29.59,0,0,0.1682
117,38,"detect",26.5266666666667,1,1,0.229466666666666
118,38,"detect",28.2333333333333,1,1,0.195333333333334
119,38,"detect",28.5166666666667,0,0,0.189666666666666
120,38,"detect",29.8966666666667,0,0,0.162066666666666
121,38,"detect",28.65,0,0,0.187
122,38,"detect",28.29,1,1,0.1942
123,38,"detect",30,0,0,0.16
124,38,"detect",30.3066666666667,0,0,0.153866666666666
125,38,"detect",29.98,0,0,0.1604
126,38,"detect",27.9466666666667,0,0,0.201066666666666
127,38,"detect",30.5766666666667,0,0,0.148466666666666
128,38,"detect",29.44,0,0,0.1712
129,38,"detect",29.0933333333333,0,0,0.178133333333334
130,38,"detect",28.92,0,0,0.1816
131,38,"detect",28.4333333333333,0,0,0.191333333333334
132,38,"detect",30.64,0,0,0.1472
133,38,"detect",28.9833333333333,0,0,0.180333333333334
134,38,"detect",25.4033333333333,0,0,0.251933333333334
135,38,"detect",29.8033333333333,0,0,0.163933333333334
136,38,"detect",30.3233333333333,0,0,0.153533333333334
137,38,"detect",29.2333333333333,0,0,0.175333333333334
138,38,"detect",29.7933333333333,0,0,0.164133333333334
139,38,"detect",30.0966666666667,0,0,0.158066666666666
140,38,"detect",26.9966666666667,1,1,0.220066666666666
141,38,"detect",27.8933333333333,0,0,0.202133333333334
142,38,"detect",30.12,0,0,0.1576
143,38,"detect",30.1366666666667,0,0,0.157266666666666
144,38,"detect",28.7566666666667,0,0,0.184866666666666
145,38,"detect",30.4133333333333,0,0,0.151733333333334
146,38,"detect",29.4466666666667,0,0,0.171066666666666
147,38,"detect",28.6166666666667,0,0,0.187666666666666
148,38,"detect",30.9266666666667,0,0,0.141466666666666
149,38,"detect",29.5933333333333,0,0,0.168133333333334
150,38,"detect",29.6066666666667,0,0,0.167866666666666
151,38,"detect",28.4966666666667,2,1,0.190066666666666
152,38,"detect",31.4133333333333,0,0,0.131733333333334
153,38,"detect",30.8466666666667,1,1,0.143066666666666
154,38,"detect",22.1266666666667,0,0,0.317466666666666
155,38,"detect",29.7733333333333,0,0,0.164533333333334
156,38,"detect",30.7433333333333,0,0,0.145133333333334
157,38,"detect",29.5033333333333,0,0,0.169933333333334
158,38,"detect",30.6033333333333,0,0,0.147933333333334
159,38,"detect",29.78,0,0,0.1644
160,38,"detect",30.14,0,0,0.1572
161,38,"detect",29.7566666666667,0,0,0.164866666666666
162,38,"detect",29.8933333333333,0,0,0.162133333333334
163,38,"detect",30.8233333333333,0,0,0.143533333333334
164,38,"detect",29.79,0,0,0.1642
165,38,"detect",28.8666666666667,1,1,0.182666666666666
166,38,"detect",29.48,0,0,0.1704
167,38,"detect",27.6066666666667,2,1,0.207866666666666
168,38,"detect",30.1333333333333,0,0,0.157333333333334
169,38,"detect",28.9433333333333,0,0,0.181133333333334
170,38,"detect",29.84,0,0,0.1632
171,38,"detect",29.8366666666667,0,0,0.163266666666666
172,38,"detect",29.75,0,0,0.165
173,38,"detect",29.08,0,0,0.1784
174,38,"detect",29.6566666666667,0,0,0.166866666666666
175,38,"detect",31.0633333333333,0,0,0.138733333333334
176,38,"detect",26.4133333333333,0,0,0.231733333333334
177,38,"detect",28.2733333333333,0,0,0.194533333333334
178,38,"detect",25.6966666666667,0,0,0.246066666666666
179,38,"detect",29.5666666666667,0,0,0.168666666666666
180,38,"detect",28.67,0,0,0.1866
181,38,"detect",26.08,0,0,0.2384
182,38,"detect",29.75,0,0,0.165
183,38,"detect",28.9866666666667,0,0,0.180266666666666
184,38,"detect",29.6466666666667,0,0,0.167066666666666
185,38,"detect",28.03,0,0,0.1994
186,38,"detect",29.4333333333333,0,0,0.171333333333334
187,38,"detect",27.3166666666667,0,0,0.213666666666666
188,38,"detect",29.33,0,0,0.1734
189,38,"detect",30.4466666666667,0,0,0.151066666666666
190,38,"detect",29.2,0,0,0.176
191,38,"detect",28.2,1,1,0.196
192,38,"detect",29.52,0,0,0.1696
193,38,"detect",30.0933333333333,0,0,0.158133333333334
194,38,"detect",25.4566666666667,1,1,0.250866666666666
195,38,"detect",30.1033333333333,0,0,0.157933333333334
196,38,"detect",30.0266666666667,0,0,0.159466666666666
197,38,"detect",28.7566666666667,0,0,0.184866666666666
198,38,"detect",30.2533333333333,0,0,0.154933333333334
199,38,"detect",29.7833333333333,0,0,0.164333333333334
200,38,"detect",30.9,0,0,0.142
201,38,"detect",29.9366666666667,0,0,0.161266666666666
202,38,"detect",30.46,0,0,0.1508
203,38,"detect",29.8133333333333,1,1,0.163733333333334
204,38,"detect",28.5933333333333,0,0,0.188133333333334
205,38,"detect",30.3466666666667,1,1,0.153066666666666
206,38,"detect",28.5566666666667,0,0,0.188866666666666
207,38,"detect",30.18,0,0,0.1564
208,38,"detect",30.1966666666667,0,0,0.156066666666666
1,44,"detect",27.51,1,1,0.3298
2,44,"detect",28.6366666666667,1,1,0.307266666666666
3,44,"detect",29.1066666666667,0,0,0.297866666666666
4,44,"detect",30.1266666666667,0,0,0.277466666666666
5,44,"detect",29.9633333333333,0,0,0.280733333333334
6,44,"detect",26.8566666666667,0,0,0.342866666666666
7,44,"detect",18.15,2,1,0.517
8,44,"detect",29.0666666666667,0,0,0.298666666666666
9,44,"detect",29.0266666666667,1,1,0.299466666666666
10,44,"detect",28.43,3,1,0.3114
11,44,"detect",28.1733333333333,0,0,0.316533333333334
12,44,"detect",30.3233333333333,0,0,0.273533333333334
13,44,"detect",30.48,3,1,0.2704
14,44,"detect",31.0733333333333,1,1,0.258533333333334
15,44,"detect",28.0633333333333,1,1,0.318733333333334
16,44,"detect",30.0633333333333,0,0,0.278733333333334
17,44,"detect",30.45,0,0,0.271
18,44,"detect",24.1466666666667,0,0,0.397066666666666
19,44,"detect",31.12,3,1,0.2576
20,44,"detect",28.8433333333333,0,0,0.303133333333334
21,44,"detect",29.4566666666667,0,0,0.290866666666666
22,44,"detect",29.4766666666667,0,0,0.290466666666666
23,44,"detect",27.5566666666667,1,1,0.328866666666666
24,44,"detect",29.6133333333333,0,0,0.287733333333334
25,44,"detect",30.2966666666667,0,0,0.274066666666666
26,44,"detect",27.3233333333333,3,1,0.333533333333334
27,44,"detect",29.74,0,0,0.2852
28,44,"detect",30.3466666666667,0,0,0.273066666666666
29,44,"detect",25.9566666666667,0,0,0.360866666666666
30,44,"detect",30.2966666666667,0,0,0.274066666666666
31,44,"detect",28.1366666666667,0,0,0.317266666666666
32,44,"detect",29.8933333333333,0,0,0.282133333333334
33,44,"detect",30.19,0,0,0.2762
34,44,"detect",30.4933333333333,0,0,0.270133333333334
35,44,"detect",29.6433333333333,0,0,0.287133333333334
36,44,"detect",30.5866666666667,0,0,0.268266666666666
37,44,"detect",27.9166666666667,0,0,0.321666666666666
38,44,"detect",28.4366666666667,1,1,0.311266666666666
39,44,"detect",29.58,0,0,0.2884
40,44,"detect",30.36,0,0,0.2728
41,44,"detect",30.3633333333333,2,1,0.272733333333334
42,44,"detect",29.8133333333333,0,0,0.283733333333334
43,44,"detect",29.7866666666667,0,0,0.284266666666666
44,44,"detect",29.2766666666667,2,1,0.294466666666666
45,44,"detect",29.8833333333333,0,0,0.282333333333334
46,44,"detect",28.65,0,0,0.307
47,44,"detect",30.3566666666667,0,0,0.272866666666666
48,44,"detect",29.8033333333333,0,0,0.283933333333334
49,44,"detect",30.6566666666667,0,0,0.266866666666666
50,44,"detect",27.6066666666667,0,0,0.327866666666666
51,44,"detect",30.4333333333333,0,0,0.271333333333334
52,44,"detect",29.4266666666667,0,0,0.291466666666666
53,44,"detect",27.3,1,1,0.334
54,44,"detect",29.66,0,0,0.2868
55,44,"detect",26.8566666666667,1,1,0.342866666666666
56,44,"detect",30.2466666666667,0,0,0.275066666666666
57,44,"detect",28.22,0,0,0.3156
58,44,"detect",28.69,0,0,0.3062
59,44,"detect",28.99,0,0,0.3002
60,44,"detect",30.5766666666667,0,0,0.268466666666666
61,44,"detect",30.49,0,0,0.2702
62,44,"detect",28.31,1,1,0.3138
63,44,"detect",28.8433333333333,0,0,0.303133333333334
64,44,"detect",28.8433333333333,1,1,0.303133333333334
65,44,"detect",27.8566666666667,0,0,0.322866666666666
66,44,"detect",30.0366666666667,0,0,0.279266666666666
67,44,"detect",27.9266666666667,2,1,0.321466666666666
68,44,"detect",25.23,3,1,0.3754
69,44,"detect",28.71,0,0,0.3058
70,44,"detect",29.5466666666667,0,0,0.289066666666666
71,44,"detect",28.8033333333333,0,0,0.303933333333334
72,44,"detect",29.7766666666667,0,0,0.284466666666666
73,44,"detect",29.2433333333333,1,1,0.295133333333334
74,44,"detect",27.9266666666667,0,0,0.321466666666666
75,44,"detect",28.8233333333333,0,0,0.303533333333334
76,44,"detect",25.5133333333333,1,1,0.369733333333334
77,44,"detect",29.74,0,0,0.2852
78,44,"detect",28.1533333333333,2,1,0.316933333333334
79,44,"detect",25.39,1,1,0.3722
80,44,"detect",29.06,0,0,0.2988
81,44,"detect",27.31,0,0,0.3338
82,44,"detect",28.82,0,0,0.3036
83,44,"detect",30.3233333333333,0,0,0.273533333333334
84,44,"detect",28.7966666666667,1,1,0.304066666666666
85,44,"detect",29.3033333333333,0,0,0.293933333333334
86,44,"detect",27.9366666666667,1,1,0.321266666666666
87,44,"detect",29.5833333333333,0,0,0.288333333333334
88,44,"detect",25.1966666666667,1,1,0.376066666666666
89,44,"detect",28.06,0,0,0.3188
90,44,"detect",29.9266666666667,0,0,0.281466666666666
91,44,"detect",27.9466666666667,1,1,0.321066666666666
92,44,"detect",28.9333333333333,0,0,0.301333333333334
93,44,"detect",28.3233333333333,0,0,0.313533333333334
94,44,"detect",30.6066666666667,0,0,0.267866666666666
95,44,"detect",29.7733333333333,0,0,0.284533333333334
96,44,"detect",27.74,0,0,0.3252
97,44,"detect",30.39,0,0,0.2722
98,44,"detect",26.2933333333333,0,0,0.354133333333334
99,44,"detect",27.57,1,1,0.3286
100,44,"detect",28.9,0,0,0.302
101,44,"detect",27.6033333333333,2,1,0.327933333333334
102,44,"detect",29.2966666666667,1,1,0.294066666666666
103,44,"detect",28.85,0,0,0.303
104,44,"detect",30.37,0,0,0.2726
105,44,"detect",30.2233333333333,0,0,0.275533333333334
106,44,"detect",27.99,0,0,0.3202
107,44,"detect",30.55,1,1,0.269
108,44,"detect",28.48,0,0,0.3104
109,44,"detect",29.4833333333333,0,0,0.290333333333334
110,44,"detect",30.26,0,0,0.2748
111,44,"detect",28.1733333333333,0,0,0.316533333333334
112,44,"detect",29.7,0,0,0.286
113,44,"detect",29.68,2,1,0.2864
114,44,"detect",30.2566666666667,0,0,0.274866666666666
115,44,"detect",29.5433333333333,0,0,0.289133333333334
116,44,"detect",30.2133333333333,0,0,0.275733333333334
117,44,"detect",28.6266666666667,0,0,0.307466666666666
118,44,"detect",28.9033333333333,2,1,0.301933333333334
119,44,"detect",27.2933333333333,2,1,0.334133333333334
120,44,"detect",28.8,0,0,0.304
121,44,"detect",26.1533333333333,0,0,0.356933333333334
122,44,"detect",28.6833333333333,0,0,0.306333333333334
123,44,"detect",29.7666666666667,0,0,0.284666666666666
124,44,"detect",30.2166666666667,0,0,0.275666666666666
125,44,"detect",28.8333333333333,0,0,0.303333333333334
126,44,"detect",27.6766666666667,0,0,0.326466666666666
127,44,"detect",30.4066666666667,0,0,0.271866666666666
128,44,"detect",29.5433333333333,0,0,0.289133333333334
129,44,"detect",27.39,0,0,0.3322
130,44,"detect",28.8633333333333,0,0,0.302733333333334
131,44,"detect",26.55,0,0,0.349
132,44,"detect",30.1633333333333,0,0,0.276733333333334
133,44,"detect",28.67,0,0,0.3066
134,44,"detect",25.85,0,0,0.363
135,44,"detect",29.4733333333333,0,0,0.290533333333334
136,44,"detect",29.7933333333333,0,0,0.284133333333334
137,44,"detect",28.47,0,0,0.3106
138,44,"detect",30.2733333333333,0,0,0.274533333333334
139,44,"detect",30.2733333333333,0,0,0.274533333333334
140,44,"detect",26.7,0,0,0.346
141,44,"detect",28.8533333333333,0,0,0.302933333333334
142,44,"detect",30.3033333333333,0,0,0.273933333333334
143,44,"detect",29.0866666666667,0,0,0.298266666666666
144,44,"detect",27.9933333333333,0,0,0.320133333333334
145,44,"detect",29.2966666666667,0,0,0.294066666666666
146,44,"detect",29.2566666666667,0,0,0.294866666666666
147,44,"detect",28.24,0,0,0.3152
148,44,"detect",30.0433333333333,0,0,0.279133333333334
149,44,"detect",28.51,0,0,0.3098
150,44,"detect",30.2233333333333,0,0,0.275533333333334
151,44,"detect",28.6633333333333,2,1,0.306733333333334
152,44,"detect",31.1866666666667,0,0,0.256266666666666
153,44,"detect",30.81,0,0,0.2638
154,44,"detect",28.9766666666667,0,0,0.300466666666666
155,44,"detect",29.8566666666667,0,0,0.282866666666666
156,44,"detect",29.2933333333333,0,0,0.294133333333334
157,44,"detect",29.62,0,0,0.2876
158,44,"detect",30.1933333333333,1,1,0.276133333333334
159,44,"detect",29.2333333333333,1,1,0.295333333333334
160,44,"detect",30.2966666666667,1,1,0.274066666666666
161,44,"detect",29.95,0,0,0.281
162,44,"detect",29.42,0,0,0.2916
163,44,"detect",30.5133333333333,0,0,0.269733333333334
164,44,"detect",29.5866666666667,0,0,0.288266666666666
165,44,"detect",29.4833333333333,2,1,0.290333333333334
166,44,"detect",27.99,0,0,0.3202
167,44,"detect",30.17,3,1,0.2766
168,44,"detect",30.1833333333333,0,0,0.276333333333334
169,44,"detect",30.7433333333333,0,0,0.265133333333334
170,44,"detect",29.62,1,1,0.2876
171,44,"detect",29.9533333333333,0,0,0.280933333333334
172,44,"detect",29.4366666666667,0,0,0.291266666666666
173,44,"detect",30.39,0,0,0.2722
174,44,"detect",29.2066666666667,0,0,0.295866666666666
175,44,"detect",30.6066666666667,0,0,0.267866666666666
176,44,"detect",23.9433333333333,3,1,0.401133333333334
177,44,"detect",27.65,0,0,0.327
178,44,"detect",28.3,1,1,0.314
179,44,"detect",29.45,0,0,0.291
180,44,"detect",29.74,0,0,0.2852
181,44,"detect",26.9666666666667,1,1,0.340666666666666
182,44,"detect",28.27,3,1,0.3146
183,44,"detect",26.44,0,0,0.3512
184,44,"detect",18.6133333333333,2,1,0.507733333333334
185,44,"detect",28.0766666666667,1,1,0.318466666666666
186,44,"detect",29.4133333333333,0,0,0.291733333333334
187,44,"detect",27.18,0,0,0.3364
188,44,"detect",27.78,1,1,0.3244
189,44,"detect",30.3466666666667,0,0,0.273066666666666
190,44,"detect",28.77,0,0,0.3046
191,44,"detect",25.69,0,0,0.3662
192,44,"detect",29.5133333333333,0,0,0.289733333333334
193,44,"detect",29.1366666666667,0,0,0.297266666666666
194,44,"detect",25.9733333333333,0,0,0.360533333333334
195,44,"detect",29.39,0,0,0.2922
196,44,"detect",29.37,0,0,0.2926
197,44,"detect",28.9766666666667,1,1,0.300466666666666
198,44,"detect",29.73,0,0,0.2854
199,44,"detect",29.78,0,0,0.2844
200,44,"detect",28.7466666666667,2,1,0.305066666666666
201,44,"detect",30.49,0,0,0.2702
202,44,"detect",29.87,0,0,0.2826
203,44,"detect",30.0933333333333,1,1,0.278133333333334
204,44,"detect",29.6133333333333,0,0,0.287733333333334
205,44,"detect",29.16,0,0,0.2968
206,44,"detect",28.78,0,0,0.3044
207,44,"detect",30.1866666666667,0,0,0.276266666666666
208,44,"detect",29.9966666666667,0,0,0.280066666666666
1,32,"pain",0.0933333333333333,0,0,0.638133333333333
2,32,"pain",10.32,0,0,0.4336
3,32,"pain",2.04,0,0,0.5992
4,32,"pain",-0.0133333333333333,0,0,0.640266666666667
5,32,"pain",13.21,0,0,0.3758
6,32,"pain",5.18333333333333,0,0,0.536333333333333
7,32,"pain",0.116666666666667,0,0,0.637666666666667
8,32,"pain",0.05,0,0,0.639
9,32,"pain",26.65,0,0,0.107
10,32,"pain",20.0833333333333,0,0,0.238333333333334
11,32,"pain",21.2433333333333,0,0,0.215133333333334
12,32,"pain",20.7166666666667,1,1,0.225666666666666
13,32,"pain",25.7133333333333,0,0,0.125733333333334
14,32,"pain",24.0233333333333,0,0,0.159533333333334
15,32,"pain",13.12,1,1,0.3776
16,32,"pain",20.7233333333333,0,0,0.225533333333334
17,32,"pain",0.633333333333333,0,0,0.627333333333333
18,32,"pain",0.376666666666667,0,0,0.632466666666667
19,32,"pain",24.8633333333333,0,0,0.142733333333334
20,32,"pain",2.94,0,0,0.5812
21,32,"pain",5.88333333333333,0,0,0.522333333333333
22,32,"pain",16.61,0,0,0.3078
23,32,"pain",0.253333333333333,1,1,0.634933333333333
24,32,"pain",18.5966666666667,0,0,0.268066666666666
25,32,"pain",17.9033333333333,1,1,0.281933333333334
26,32,"pain",22.5266666666667,0,0,0.189466666666666
27,32,"pain",26.11,0,0,0.1178
28,32,"pain",10.01,0,0,0.4398
29,32,"pain",4.54333333333333,0,0,0.549133333333333
30,32,"pain",26.0466666666667,0,0,0.119066666666666
31,32,"pain",14.7233333333333,0,0,0.345533333333334
32,32,"pain",16.47,0,0,0.3106
33,32,"pain",7.60333333333333,0,0,0.487933333333333
34,32,"pain",18.2633333333333,1,1,0.274733333333334
35,32,"pain",24.1033333333333,1,1,0.157933333333334
36,32,"pain",18.91,0,0,0.2618
37,32,"pain",0.506666666666667,0,0,0.629866666666667
38,32,"pain",20.8766666666667,0,0,0.222466666666666
39,32,"pain",22.5033333333333,0,0,0.189933333333334
40,32,"pain",8.23666666666667,0,0,0.475266666666667
41,32,"pain",2.00666666666667,0,0,0.599866666666667
42,32,"pain",9.19,0,0,0.4562
43,32,"pain",17.0633333333333,0,0,0.298733333333334
44,32,"pain",12.2466666666667,0,0,0.395066666666666
45,32,"pain",23.4133333333333,0,0,0.171733333333334
46,32,"pain",22.6033333333333,0,0,0.187933333333334
47,32,"pain",2.41333333333333,0,0,0.591733333333333
48,32,"pain",0.0466666666666667,0,0,0.639066666666667
49,32,"pain",13.81,0,0,0.3638
50,32,"pain",-0.00666666666666667,0,0,0.640133333333333
51,32,"pain",0.0566666666666667,0,0,0.638866666666667
52,32,"pain",22.2433333333333,0,0,0.195133333333334
53,32,"pain",15.2133333333333,0,0,0.335733333333334
54,32,"pain",4.85333333333333,0,0,0.542933333333333
55,32,"pain",0.963333333333333,0,0,0.620733333333333
56,32,"pain",23.7566666666667,1,1,0.164866666666666
57,32,"pain",3.18666666666667,0,0,0.576266666666667
58,32,"pain",18.7266666666667,0,0,0.265466666666666
59,32,"pain",2.64,0,0,0.5872
60,32,"pain",0.826666666666667,0,0,0.623466666666667
61,32,"pain",10.5333333333333,0,0,0.429333333333334
62,32,"pain",18.3433333333333,0,0,0.273133333333334
63,32,"pain",0.133333333333333,0,0,0.637333333333333
64,32,"pain",0.903333333333333,0,0,0.621933333333333
65,32,"pain",23.8966666666667,0,0,0.162066666666666
66,32,"pain",24.5533333333333,0,0,0.148933333333334
67,32,"pain",2.72666666666667,0,0,0.585466666666667
68,32,"pain",10.42,1,1,0.4316
69,32,"pain",4.16333333333333,0,0,0.556733333333333
70,32,"pain",5.62,0,0,0.5276
71,32,"pain",22.5633333333333,0,0,0.188733333333334
72,32,"pain",8.59333333333333,0,0,0.468133333333333
73,32,"pain",10.94,1,1,0.4212
74,32,"pain",25.65,0,0,0.127
75,32,"pain",15.4733333333333,0,0,0.330533333333334
76,32,"pain",10.3133333333333,1,1,0.433733333333334
77,32,"pain",3.92,0,0,0.5616
78,32,"pain",16.1033333333333,0,0,0.317933333333334
79,32,"pain",11.55,0,0,0.409
80,32,"pain",20.9366666666667,0,0,0.221266666666666
81,32,"pain",19.1233333333333,0,0,0.257533333333334
82,32,"pain",1.85,0,0,0.603
83,32,"pain",13.69,0,0,0.3662
84,32,"pain",17.9366666666667,0,0,0.281266666666666
85,32,"pain",0.0566666666666667,2,1,0.638866666666667
86,32,"pain",9.08666666666667,0,0,0.458266666666667
87,32,"pain",8.21666666666667,0,0,0.475666666666667
88,32,"pain",0.08,0,0,0.6384
89,32,"pain",0.0933333333333333,0,0,0.638133333333333
90,32,"pain",22.95,0,0,0.181
91,32,"pain",14.06,2,1,0.3588
92,32,"pain",7.01333333333333,0,0,0.499733333333333
93,32,"pain",10.2266666666667,0,0,0.435466666666666
94,32,"pain",9.21,0,0,0.4558
95,32,"pain",25.2733333333333,0,0,0.134533333333334
96,32,"pain",1.96,2,1,0.6008
97,32,"pain",2.62666666666667,0,0,0.587466666666667
98,32,"pain",0.83,0,0,0.6234
99,32,"pain",0.37,0,0,0.6326
100,32,"pain",16.6766666666667,0,0,0.306466666666666
101,32,"pain",5.95333333333333,3,1,0.520933333333333
102,32,"pain",25.39,0,0,0.1322
103,32,"pain",2.59,2,1,0.5882
104,32,"pain",26.8466666666667,0,0,0.103066666666666
105,32,"pain",15.26,0,0,0.3348
106,32,"pain",18.9266666666667,0,0,0.261466666666666
107,32,"pain",4.74333333333333,0,0,0.545133333333333
108,32,"pain",22.43,0,0,0.1914
109,32,"pain",23.9333333333333,0,0,0.161333333333334
110,32,"pain",18.0766666666667,0,0,0.278466666666666
111,32,"pain",21.6733333333333,0,0,0.206533333333334
112,32,"pain",16.94,0,0,0.3012
113,32,"pain",25.9533333333333,0,0,0.120933333333334
114,32,"pain",8.47,0,0,0.4706
115,32,"pain",15.99,3,1,0.3202
116,32,"pain",13.4833333333333,0,0,0.370333333333334
117,32,"pain",1.90666666666667,0,0,0.601866666666667
118,32,"pain",23.1233333333333,0,0,0.177533333333334
119,32,"pain",-0.01,0,0,0.6402
120,32,"pain",19.7066666666667,0,0,0.245866666666666
121,32,"pain",18.1733333333333,0,0,0.276533333333334
122,32,"pain",23.2133333333333,0,0,0.175733333333334
123,32,"pain",19.7666666666667,0,0,0.244666666666666
124,32,"pain",2.62666666666667,0,0,0.587466666666667
125,32,"pain",0.103333333333333,0,0,0.637933333333333
126,32,"pain",0.0166666666666667,0,0,0.639666666666667
127,32,"pain",10.49,0,0,0.4302
128,32,"pain",15.1933333333333,0,0,0.336133333333334
129,32,"pain",1.98333333333333,2,1,0.600333333333333
130,32,"pain",20.4233333333333,0,0,0.231533333333334
131,32,"pain",18.2166666666667,0,0,0.275666666666666
132,32,"pain",6.12666666666667,3,1,0.517466666666667
133,32,"pain",19.5566666666667,1,1,0.248866666666666
134,32,"pain",18.7266666666667,0,0,0.265466666666666
135,32,"pain",22.24,0,0,0.1952
136,32,"pain",10.9333333333333,0,0,0.421333333333334
137,32,"pain",11.4666666666667,0,0,0.410666666666666
138,32,"pain",0.00333333333333334,0,0,0.639933333333333
139,32,"pain",24.1633333333333,0,0,0.156733333333334
140,32,"pain",16.6966666666667,3,1,0.306066666666666
141,32,"pain",0.08,0,0,0.6384
142,32,"pain",2.21,0,0,0.5958
143,32,"pain",-0.0366666666666667,0,0,0.640733333333333
144,32,"pain",17.59,0,0,0.2882
145,32,"pain",0.0466666666666667,0,0,0.639066666666667
146,32,"pain",10.6766666666667,3,1,0.426466666666666
147,32,"pain",4.24666666666667,0,0,0.555066666666667
148,32,"pain",23.48,0,0,0.1704
149,32,"pain",24.2666666666667,0,0,0.154666666666666
150,32,"pain",20.7566666666667,0,0,0.224866666666666
151,32,"pain",3.57666666666667,2,1,0.568466666666667
152,32,"pain",13.5766666666667,1,1,0.368466666666666
153,32,"pain",23.23,0,0,0.1754
154,32,"pain",16.2,0,0,0.316
155,32,"pain",24.1233333333333,0,0,0.157533333333334
156,32,"pain",23.7433333333333,0,0,0.165133333333334
157,32,"pain",19.9033333333333,0,0,0.241933333333334
158,32,"pain",27.6266666666667,0,0,0.087466666666666
159,32,"pain",26.0766666666667,1,1,0.118466666666666
160,32,"pain",0.09,0,0,0.6382
161,32,"pain",23.9633333333333,0,0,0.160733333333334
162,32,"pain",11.7333333333333,0,0,0.405333333333334
163,32,"pain",0.0433333333333333,0,0,0.639133333333333
164,32,"pain",0.0933333333333333,0,0,0.638133333333333
165,32,"pain",25.9766666666667,0,0,0.120466666666666
166,32,"pain",21.3933333333333,0,0,0.212133333333334
167,32,"pain",21.8433333333333,0,0,0.203133333333334
168,32,"pain",13.9233333333333,0,0,0.361533333333334
169,32,"pain",0.0566666666666667,0,0,0.638866666666667
170,32,"pain",17.7366666666667,0,0,0.285266666666666
171,32,"pain",7.58333333333333,0,0,0.488333333333333
172,32,"pain",5.90666666666667,0,0,0.521866666666667
173,32,"pain",0.08,0,0,0.6384
174,32,"pain",0.02,0,0,0.6396
175,32,"pain",13.8466666666667,0,0,0.363066666666666
176,32,"pain",0.0233333333333333,0,0,0.639533333333333
177,32,"pain",0.0733333333333333,0,0,0.638533333333333
178,32,"pain",20.87,0,0,0.2226
179,32,"pain",0.786666666666667,0,0,0.624266666666667
180,32,"pain",1.40333333333333,0,0,0.611933333333333
181,32,"pain",23.08,0,0,0.1784
182,32,"pain",11.47,0,0,0.4106
183,32,"pain",0.08,0,0,0.6384
184,32,"pain",0.153333333333333,0,0,0.636933333333333
185,32,"pain",0.05,0,0,0.639
186,32,"pain",6.45666666666667,0,0,0.510866666666667
187,32,"pain",0,0,0,0.64
188,32,"pain",1.27666666666667,0,0,0.614466666666667
189,32,"pain",5.82666666666667,0,0,0.523466666666667
190,32,"pain",5.36666666666667,0,0,0.532666666666667
191,32,"pain",1.99333333333333,0,0,0.600133333333333
192,32,"pain",11.7766666666667,0,0,0.404466666666666
193,32,"pain",1.59666666666667,2,1,0.608066666666667
194,32,"pain",4.30666666666667,0,0,0.553866666666667
195,32,"pain",9.21333333333333,0,0,0.455733333333333
196,32,"pain",0.0233333333333333,0,0,0.639533333333333
197,32,"pain",2.17,0,0,0.5966
198,32,"pain",13.8833333333333,0,0,0.362333333333334
199,32,"pain",11.6833333333333,0,0,0.406333333333334
200,32,"pain",19.3366666666667,2,1,0.253266666666666
201,32,"pain",1.65,0,0,0.607
202,32,"pain",18.3933333333333,0,0,0.272133333333334
203,32,"pain",18.6833333333333,0,0,0.266333333333334
204,32,"pain",18.32,0,0,0.2736
205,32,"pain",25.7,0,0,0.126
206,32,"pain",7.37,3,1,0.4926
207,32,"pain",19.0366666666667,0,0,0.259266666666666
208,32,"pain",3.21333333333333,1,1,0.575733333333333
1,38,"pain",0.0233333333333333,0,0,0.759533333333333
2,38,"pain",17.4866666666667,0,0,0.410266666666666
3,38,"pain",3.70333333333333,0,0,0.685933333333333
4,38,"pain",4.27,0,0,0.6746
5,38,"pain",9.19,0,0,0.5762
6,38,"pain",7.50333333333333,0,0,0.609933333333333
7,38,"pain",0.15,0,0,0.757
8,38,"pain",0.183333333333333,0,0,0.756333333333333
9,38,"pain",25.12,2,1,0.2576
10,38,"pain",23.9866666666667,1,1,0.280266666666666
11,38,"pain",24.1266666666667,0,0,0.277466666666666
12,38,"pain",22.3733333333333,0,0,0.312533333333334
13,38,"pain",28.0833333333333,0,0,0.198333333333334
14,38,"pain",25.37,0,0,0.2526
15,38,"pain",23.9233333333333,1,1,0.281533333333334
16,38,"pain",21.5766666666667,0,0,0.328466666666666
17,38,"pain",1.08666666666667,0,0,0.738266666666667
18,38,"pain",3.35666666666667,0,0,0.692866666666667
19,38,"pain",19.7666666666667,0,0,0.364666666666666
20,38,"pain",2.74333333333333,0,0,0.705133333333333
21,38,"pain",5.06333333333333,0,0,0.658733333333333
22,38,"pain",24.3233333333333,0,0,0.273533333333334
23,38,"pain",3.55,0,0,0.689
24,38,"pain",23.85,0,0,0.283
25,38,"pain",14.7733333333333,1,1,0.464533333333334
26,38,"pain",21.1066666666667,2,1,0.337866666666666
27,38,"pain",26.8166666666667,0,0,0.223666666666666
28,38,"pain",10.94,0,0,0.5412
29,38,"pain",6.03666666666667,0,0,0.639266666666667
30,38,"pain",27.0866666666667,0,0,0.218266666666666
31,38,"pain",22.83,0,0,0.3034
32,38,"pain",11.32,0,0,0.5336
33,38,"pain",8.52333333333333,0,0,0.589533333333333
34,38,"pain",22.8733333333333,0,0,0.302533333333334
35,38,"pain",15.34,0,0,0.4532
36,38,"pain",24.81,0,0,0.2638
37,38,"pain",0.0766666666666667,1,1,0.758466666666667
38,38,"pain",12.72,0,0,0.5056
39,38,"pain",23.2533333333333,0,0,0.294933333333334
40,38,"pain",10.1133333333333,0,0,0.557733333333334
41,38,"pain",6.80333333333333,0,0,0.623933333333333
42,38,"pain",12.2733333333333,0,0,0.514533333333334
43,38,"pain",7.71333333333333,0,0,0.605733333333333
44,38,"pain",6.17,0,0,0.6366
45,38,"pain",23.3633333333333,0,0,0.292733333333334
46,38,"pain",14.4366666666667,0,0,0.471266666666666
47,38,"pain",0.12,0,0,0.7576
48,38,"pain",0.02,0,0,0.7596
49,38,"pain",17.37,0,0,0.4126
50,38,"pain",0.04,0,0,0.7592
51,38,"pain",0.0466666666666667,0,0,0.759066666666667
52,38,"pain",24.5833333333333,0,0,0.268333333333334
53,38,"pain",15.5566666666667,0,0,0.448866666666666
54,38,"pain",19.64,0,0,0.3672
55,38,"pain",11.1066666666667,1,1,0.537866666666666
56,38,"pain",24.4733333333333,0,0,0.270533333333334
57,38,"pain",2.01,0,0,0.7198
58,38,"pain",24.3333333333333,0,0,0.273333333333334
59,38,"pain",13.8433333333333,0,0,0.483133333333334
60,38,"pain",0.0833333333333333,0,0,0.758333333333333
61,38,"pain",12.99,0,0,0.5002
62,38,"pain",5.13333333333333,0,0,0.657333333333333
63,38,"pain",0.06,0,0,0.7588
64,38,"pain",0.0566666666666667,0,0,0.758866666666667
65,38,"pain",21.0233333333333,0,0,0.339533333333334
66,38,"pain",26.7366666666667,0,0,0.225266666666666
67,38,"pain",23.5133333333333,2,1,0.289733333333334
68,38,"pain",15.21,0,0,0.4558
69,38,"pain",10.1066666666667,1,1,0.557866666666666
70,38,"pain",5.97,0,0,0.6406
71,38,"pain",25.79,0,0,0.2442
72,38,"pain",16.62,0,0,0.4276
73,38,"pain",20.8,0,0,0.344
74,38,"pain",26.2633333333333,0,0,0.234733333333334
75,38,"pain",13.0766666666667,0,0,0.498466666666666
76,38,"pain",5.18,1,1,0.6564
77,38,"pain",0.53,0,0,0.7494
78,38,"pain",22.48,0,0,0.3104
79,38,"pain",15.7533333333333,0,0,0.444933333333334
80,38,"pain",23.5533333333333,0,0,0.288933333333334
81,38,"pain",22.8733333333333,0,0,0.302533333333334
82,38,"pain",11.0733333333333,0,0,0.538533333333334
83,38,"pain",16.2333333333333,0,0,0.435333333333334
84,38,"pain",24.56,0,0,0.2688
85,38,"pain",0.0766666666666667,0,0,0.758466666666667
86,38,"pain",8.33666666666667,0,0,0.593266666666667
87,38,"pain",23.7166666666667,0,0,0.285666666666666
88,38,"pain",0.55,0,0,0.749
89,38,"pain",0.0166666666666667,0,0,0.759666666666667
90,38,"pain",24.01,0,0,0.2798
91,38,"pain",19.4366666666667,0,0,0.371266666666666
92,38,"pain",0.813333333333333,0,0,0.743733333333333
93,38,"pain",12.7233333333333,0,0,0.505533333333334
94,38,"pain",2.07666666666667,0,0,0.718466666666667
95,38,"pain",26.62,0,0,0.2276
96,38,"pain",14.0166666666667,0,0,0.479666666666666
97,38,"pain",1.84333333333333,0,0,0.723133333333334
98,38,"pain",0.79,0,0,0.7442
99,38,"pain",1.27666666666667,0,0,0.734466666666667
100,38,"pain",18.4766666666667,0,0,0.390466666666666
101,38,"pain",15.82,3,1,0.4436
102,38,"pain",28.2233333333333,0,0,0.195533333333334
103,38,"pain",0.593333333333333,0,0,0.748133333333333
104,38,"pain",25.96,0,0,0.2408
105,38,"pain",23.1466666666667,0,0,0.297066666666666
106,38,"pain",15.6866666666667,0,0,0.446266666666666
107,38,"pain",5.73,0,0,0.6454
108,38,"pain",23.9666666666667,0,0,0.280666666666666
109,38,"pain",27.9966666666667,0,0,0.200066666666666
110,38,"pain",22.1633333333333,0,0,0.316733333333334
111,38,"pain",26.08,0,0,0.2384
112,38,"pain",11.3366666666667,0,0,0.533266666666666
113,38,"pain",27.2566666666667,0,0,0.214866666666666
114,38,"pain",22.7033333333333,0,0,0.305933333333334
115,38,"pain",18.2766666666667,0,0,0.394466666666666
116,38,"pain",15.4666666666667,0,0,0.450666666666666
117,38,"pain",4.81,0,0,0.6638
118,38,"pain",20.5766666666667,0,0,0.348466666666666
119,38,"pain",-0.00333333333333334,0,0,0.760066666666667
120,38,"pain",22.57,0,0,0.3086
121,38,"pain",16.0633333333333,1,1,0.438733333333334
122,38,"pain",25.5133333333333,0,0,0.249733333333334
123,38,"pain",20.09,0,0,0.3582
124,38,"pain",5.71,0,0,0.6458
125,38,"pain",0,0,0,0.76
126,38,"pain",-0.00666666666666667,0,0,0.760133333333333
127,38,"pain",17.73,3,1,0.4054
128,38,"pain",8.06,0,0,0.5988
129,38,"pain",7.28666666666667,0,0,0.614266666666667
130,38,"pain",23.6833333333333,1,1,0.286333333333334
131,38,"pain",24.3933333333333,0,0,0.272133333333334
132,38,"pain",29.1833333333333,0,0,0.176333333333334
133,38,"pain",24.17,1,1,0.2766
134,38,"pain",19.6533333333333,1,1,0.366933333333334
135,38,"pain",26.83,0,0,0.2234
136,38,"pain",1.95666666666667,0,0,0.720866666666667
137,38,"pain",11.22,0,0,0.5356
138,38,"pain",0.0633333333333333,0,0,0.758733333333333
139,38,"pain",24.6966666666667,0,0,0.266066666666666
140,38,"pain",5.29666666666667,0,0,0.654066666666667
141,38,"pain",0.0433333333333333,0,0,0.759133333333333
142,38,"pain",2.56333333333333,3,1,0.708733333333333
143,38,"pain",0.00333333333333334,0,0,0.759933333333333
144,38,"pain",22.6766666666667,0,0,0.306466666666666
145,38,"pain",0.0533333333333333,0,0,0.758933333333333
146,38,"pain",4.84,0,0,0.6632
147,38,"pain",1.00666666666667,0,0,0.739866666666667
148,38,"pain",24.2566666666667,0,0,0.274866666666666
149,38,"pain",24.1433333333333,0,0,0.277133333333334
150,38,"pain",24.1633333333333,0,0,0.276733333333334
151,38,"pain",7.57,2,1,0.6086
152,38,"pain",16.4066666666667,0,0,0.431866666666666
153,38,"pain",25.2933333333333,0,0,0.254133333333334
154,38,"pain",23.55,0,0,0.289
155,38,"pain",25.4266666666667,0,0,0.251466666666666
156,38,"pain",25.5,0,0,0.25
157,38,"pain",14.1633333333333,0,0,0.476733333333334
158,38,"pain",25.5466666666667,0,0,0.249066666666666
159,38,"pain",26.9233333333333,1,1,0.221533333333334
160,38,"pain",0.116666666666667,0,0,0.757666666666667
161,38,"pain",24.9566666666667,0,0,0.260866666666666
162,38,"pain",9.14,0,0,0.5772
163,38,"pain",-0.00666666666666667,1,1,0.760133333333333
164,38,"pain",3.9,0,0,0.682
165,38,"pain",26.39,0,0,0.2322
166,38,"pain",20.9033333333333,0,0,0.341933333333334
167,38,"pain",24.9033333333333,1,1,0.261933333333334
168,38,"pain",20.65,0,0,0.347
169,38,"pain",2.14666666666667,0,0,0.717066666666667
170,38,"pain",19.38,0,0,0.3724
171,38,"pain",10.98,0,0,0.5404
172,38,"pain",10.0666666666667,0,0,0.558666666666666
173,38,"pain",0.906666666666667,0,0,0.741866666666667
174,38,"pain",0.113333333333333,0,0,0.757733333333333
175,38,"pain",10.49,0,0,0.5502
176,38,"pain",3.03333333333333,1,1,0.699333333333333
177,38,"pain",0.09,0,0,0.7582
178,38,"pain",21.3533333333333,1,1,0.332933333333334
179,38,"pain",13.1633333333333,0,0,0.496733333333334
180,38,"pain",4.83333333333333,0,0,0.663333333333333
181,38,"pain",25.0666666666667,0,0,0.258666666666666
182,38,"pain",17.5333333333333,0,0,0.409333333333334
183,38,"pain",0.86,0,0,0.7428
184,38,"pain",0.116666666666667,0,0,0.757666666666667
185,38,"pain",-0.0266666666666667,1,1,0.760533333333333
186,38,"pain",4.13333333333333,0,0,0.677333333333333
187,38,"pain",0.0266666666666667,0,0,0.759466666666667
188,38,"pain",5.80333333333333,0,0,0.643933333333333
189,38,"pain",14.4633333333333,0,0,0.470733333333334
190,38,"pain",5.59333333333333,0,0,0.648133333333333
191,38,"pain",10.3333333333333,0,0,0.553333333333334
192,38,"pain",18.2333333333333,0,0,0.395333333333334
193,38,"pain",3.40666666666667,0,0,0.691866666666667
194,38,"pain",13.8833333333333,0,0,0.482333333333334
195,38,"pain",15.3266666666667,0,0,0.453466666666666
196,38,"pain",0.08,0,0,0.7584
197,38,"pain",5.42,0,0,0.6516
198,38,"pain",13.08,0,0,0.4984
199,38,"pain",19.9366666666667,0,0,0.361266666666666
200,38,"pain",26.75,0,0,0.225
201,38,"pain",9.16333333333333,0,0,0.576733333333333
202,38,"pain",23.4066666666667,0,0,0.291866666666666
203,38,"pain",25.0266666666667,0,0,0.259466666666666
204,38,"pain",19.96,0,0,0.3608
205,38,"pain",28.1433333333333,0,0,0.197133333333334
206,38,"pain",0.0366666666666667,2,1,0.759266666666667
207,38,"pain",20.4666666666667,0,0,0.350666666666666
208,38,"pain",4.15666666666667,0,0,0.676866666666667
1,44,"pain",20.4133333333333,0,0,0.471733333333334
2,44,"pain",23.98,0,0,0.4004
3,44,"pain",6.28666666666667,0,0,0.754266666666667
4,44,"pain",20.49,0,0,0.4702
5,44,"pain",13.25,0,0,0.615
6,44,"pain",6.43333333333333,0,0,0.751333333333333
7,44,"pain",0.133333333333333,0,0,0.877333333333333
8,44,"pain",0.116666666666667,0,0,0.877666666666667
9,44,"pain",25.2466666666667,0,0,0.375066666666666
10,44,"pain",25.3433333333333,2,1,0.373133333333334
11,44,"pain",23.4066666666667,1,1,0.411866666666666
12,44,"pain",23.9066666666667,3,1,0.401866666666666
13,44,"pain",27.83,0,0,0.3234
14,44,"pain",28.37,0,0,0.3126
15,44,"pain",20.9333333333333,1,1,0.461333333333334
16,44,"pain",11.4233333333333,0,0,0.651533333333334
17,44,"pain",1.33666666666667,0,0,0.853266666666667
18,44,"pain",0.686666666666667,0,0,0.866266666666667
19,44,"pain",20.9266666666667,0,0,0.461466666666666
20,44,"pain",2.65333333333333,0,0,0.826933333333333
21,44,"pain",3.37333333333333,0,0,0.812533333333333
22,44,"pain",22.9866666666667,0,0,0.420266666666666
23,44,"pain",3.72666666666667,0,0,0.805466666666667
24,44,"pain",25.1666666666667,0,0,0.376666666666666
25,44,"pain",8.64666666666667,0,0,0.707066666666667
26,44,"pain",27.7466666666667,3,1,0.325066666666666
27,44,"pain",28.1333333333333,0,0,0.317333333333334
28,44,"pain",14.4633333333333,0,0,0.590733333333334
29,44,"pain",7.62333333333333,0,0,0.727533333333333
30,44,"pain",26.56,0,0,0.3488
31,44,"pain",22.8533333333333,0,0,0.422933333333334
32,44,"pain",13.3533333333333,0,0,0.612933333333334
33,44,"pain",2.89,0,0,0.8222
34,44,"pain",25.99,0,0,0.3602
35,44,"pain",23.39,0,0,0.4122
36,44,"pain",28.0166666666667,0,0,0.319666666666666
37,44,"pain",0.09,0,0,0.8782
38,44,"pain",8.44,0,0,0.7112
39,44,"pain",26.1633333333333,0,0,0.356733333333334
40,44,"pain",8.43666666666667,0,0,0.711266666666667
41,44,"pain",6.45,0,0,0.751
42,44,"pain",9.39666666666667,0,0,0.692066666666667
43,44,"pain",9.44,0,0,0.6912
44,44,"pain",7.12,0,0,0.7376
45,44,"pain",25.16,0,0,0.3768
46,44,"pain",25.35,0,0,0.373
47,44,"pain",1.26,0,0,0.8548
48,44,"pain",0.0366666666666667,0,0,0.879266666666667
49,44,"pain",17.7266666666667,0,0,0.525466666666666
50,44,"pain",0.0433333333333333,0,0,0.879133333333333
51,44,"pain",0,0,0,0.88
52,44,"pain",23.6766666666667,0,0,0.406466666666666
53,44,"pain",16.67,0,0,0.5466
54,44,"pain",4.60333333333333,0,0,0.787933333333333
55,44,"pain",0.86,0,0,0.8628
56,44,"pain",25.68,0,0,0.3664
57,44,"pain",1.76,0,0,0.8448
58,44,"pain",25.5333333333333,0,0,0.369333333333334
59,44,"pain",13.64,0,0,0.6072
60,44,"pain",5.51666666666667,0,0,0.769666666666666
61,44,"pain",11.0866666666667,0,0,0.658266666666666
62,44,"pain",18.7566666666667,0,0,0.504866666666666
63,44,"pain",-0.0233333333333333,0,0,0.880466666666667
64,44,"pain",3.58333333333333,0,0,0.808333333333333
65,44,"pain",24.9466666666667,0,0,0.381066666666666
66,44,"pain",23.66,0,0,0.4068
67,44,"pain",26.82,3,1,0.3436
68,44,"pain",22.76,0,0,0.4248
69,44,"pain",8.18,0,0,0.7164
70,44,"pain",5.93,0,0,0.7614
71,44,"pain",25.39,0,0,0.3722
72,44,"pain",25.9966666666667,0,0,0.360066666666666
73,44,"pain",26.2633333333333,0,0,0.354733333333334
74,44,"pain",25.4833333333333,1,1,0.370333333333334
75,44,"pain",12.09,0,0,0.6382
76,44,"pain",6.36,0,0,0.7528
77,44,"pain",5.43,0,0,0.7714
78,44,"pain",20.2333333333333,0,0,0.475333333333334
79,44,"pain",16.5366666666667,0,0,0.549266666666666
80,44,"pain",24.1533333333333,0,0,0.396933333333334
81,44,"pain",20.4733333333333,0,0,0.470533333333334
82,44,"pain",13.1966666666667,0,0,0.616066666666666
83,44,"pain",6.20333333333333,0,0,0.755933333333333
84,44,"pain",22.8066666666667,0,0,0.423866666666666
85,44,"pain",0.0433333333333333,0,0,0.879133333333333
86,44,"pain",6.46666666666667,0,0,0.750666666666667
87,44,"pain",13.4233333333333,0,0,0.611533333333334
88,44,"pain",5.31,0,0,0.7738
89,44,"pain",0.06,0,0,0.8788
90,44,"pain",24.3666666666667,0,0,0.392666666666666
91,44,"pain",17.8033333333333,0,0,0.523933333333334
92,44,"pain",1.37666666666667,0,0,0.852466666666667
93,44,"pain",11.0833333333333,0,0,0.658333333333334
94,44,"pain",2.64,0,0,0.8272
95,44,"pain",27.8666666666667,0,0,0.322666666666666
96,44,"pain",0.36,0,0,0.8728
97,44,"pain",4.98666666666667,0,0,0.780266666666667
98,44,"pain",0.666666666666667,0,0,0.866666666666667
99,44,"pain",0.95,0,0,0.861
100,44,"pain",18.3933333333333,0,0,0.512133333333334
101,44,"pain",14.6266666666667,0,0,0.587466666666666
102,44,"pain",26.2466666666667,1,1,0.355066666666666
103,44,"pain",1.75333333333333,0,0,0.844933333333333
104,44,"pain",18.2766666666667,0,0,0.514466666666666
105,44,"pain",22.31,0,0,0.4338
106,44,"pain",20.4533333333333,0,0,0.470933333333334
107,44,"pain",12.9733333333333,1,1,0.620533333333334
108,44,"pain",24.2533333333333,0,0,0.394933333333334
109,44,"pain",29.2866666666667,0,0,0.294266666666666
110,44,"pain",23.52,0,0,0.4096
111,44,"pain",26.53,0,0,0.3494
112,44,"pain",17.31,0,0,0.5338
113,44,"pain",27.7066666666667,0,0,0.325866666666666
114,44,"pain",21.45,0,0,0.451
115,44,"pain",8.30666666666667,0,0,0.713866666666667
116,44,"pain",12.41,0,0,0.6318
117,44,"pain",7.65333333333333,0,0,0.726933333333333
118,44,"pain",20.9433333333333,0,0,0.461133333333334
119,44,"pain",0.456666666666667,1,1,0.870866666666667
120,44,"pain",15.41,0,0,0.5718
121,44,"pain",15.41,0,0,0.5718
122,44,"pain",26.34,0,0,0.3532
123,44,"pain",17.5833333333333,0,0,0.528333333333334
124,44,"pain",10.8833333333333,0,0,0.662333333333334
125,44,"pain",-0.0333333333333333,0,0,0.880666666666667
126,44,"pain",0.0633333333333333,0,0,0.878733333333333
127,44,"pain",21.64,0,0,0.4472
128,44,"pain",5.36333333333333,0,0,0.772733333333333
129,44,"pain",3.71666666666667,0,0,0.805666666666667
130,44,"pain",21.88,1,1,0.4424
131,44,"pain",28.2033333333333,0,0,0.315933333333334
132,44,"pain",0.00666666666666667,0,0,0.879866666666667
133,44,"pain",19.51,0,0,0.4898
134,44,"pain",22.7233333333333,0,0,0.425533333333334
135,44,"pain",30.09,0,0,0.2782
136,44,"pain",0.896666666666667,0,0,0.862066666666667
137,44,"pain",11.3333333333333,0,0,0.653333333333334
138,44,"pain",-0.00333333333333333,0,0,0.880066666666667
139,44,"pain",23.7633333333333,0,0,0.404733333333334
140,44,"pain",12.2766666666667,0,0,0.634466666666666
141,44,"pain",0.0966666666666667,0,0,0.878066666666667
142,44,"pain",3.73333333333333,0,0,0.805333333333333
143,44,"pain",0.0966666666666667,0,0,0.878066666666667
144,44,"pain",16.18,1,1,0.5564
145,44,"pain",0.133333333333333,0,0,0.877333333333333
146,44,"pain",6.66333333333333,3,1,0.746733333333333
147,44,"pain",9.72666666666667,0,0,0.685466666666667
148,44,"pain",18.02,0,0,0.5196
149,44,"pain",26.1433333333333,0,0,0.357133333333334
150,44,"pain",27.28,0,0,0.3344
151,44,"pain",0.103333333333333,1,1,0.877933333333333
152,44,"pain",18.6066666666667,0,0,0.507866666666666
153,44,"pain",24.3833333333333,0,0,0.392333333333334
154,44,"pain",26.79,0,0,0.3442
155,44,"pain",25.6333333333333,0,0,0.367333333333334
156,44,"pain",24.7333333333333,1,1,0.385333333333334
157,44,"pain",14.2933333333333,0,0,0.594133333333334
158,44,"pain",26.1066666666667,0,0,0.357866666666666
159,44,"pain",24.39,0,0,0.3922
160,44,"pain",0.0433333333333333,0,0,0.879133333333333
161,44,"pain",25.1066666666667,0,0,0.377866666666666
162,44,"pain",18.58,0,0,0.5084
163,44,"pain",0.106666666666667,0,0,0.877866666666667
164,44,"pain",2.39666666666667,0,0,0.832066666666667
165,44,"pain",25.2533333333333,0,0,0.374933333333334
166,44,"pain",19.5633333333333,0,0,0.488733333333334
167,44,"pain",23.0633333333333,0,0,0.418733333333334
168,44,"pain",22.5,0,0,0.43
169,44,"pain",13.5766666666667,0,0,0.608466666666666
170,44,"pain",15.73,0,0,0.5654
171,44,"pain",15.0266666666667,0,0,0.579466666666666
172,44,"pain",5.64333333333333,0,0,0.767133333333333
173,44,"pain",0.04,0,0,0.8792
174,44,"pain",0.11,0,0,0.8778
175,44,"pain",12.99,0,0,0.6202
176,44,"pain",0.116666666666667,0,0,0.877666666666667
177,44,"pain",0.0633333333333333,0,0,0.878733333333333
178,44,"pain",22.2366666666667,0,0,0.435266666666666
179,44,"pain",14.3,0,0,0.594
180,44,"pain",0.1,0,0,0.878
181,44,"pain",28.17,0,0,0.3166
182,44,"pain",20.0933333333333,0,0,0.478133333333334
183,44,"pain",1.79666666666667,1,1,0.844066666666667
184,44,"pain",0.0333333333333333,0,0,0.879333333333333
185,44,"pain",0.09,1,1,0.8782
186,44,"pain",5.13333333333333,0,0,0.777333333333333
187,44,"pain",0.0733333333333333,0,0,0.878533333333333
188,44,"pain",19.6266666666667,0,0,0.487466666666666
189,44,"pain",20.2766666666667,0,0,0.474466666666666
190,44,"pain",6.48666666666667,0,0,0.750266666666667
191,44,"pain",2.76333333333333,0,0,0.824733333333333
192,44,"pain",11.1766666666667,0,0,0.656466666666666
193,44,"pain",12.8933333333333,0,0,0.622133333333334
194,44,"pain",6.81,0,0,0.7438
195,44,"pain",23.9066666666667,0,0,0.401866666666666
196,44,"pain",0.0633333333333333,0,0,0.878733333333333
197,44,"pain",8.36666666666667,0,0,0.712666666666667
198,44,"pain",16.6266666666667,0,0,0.547466666666666
199,44,"pain",16.3533333333333,0,0,0.552933333333334
200,44,"pain",26.14,0,0,0.3572
201,44,"pain",6.33,0,0,0.7534
202,44,"pain",23.0466666666667,0,0,0.419066666666666
203,44,"pain",26.76,0,0,0.3448
204,44,"pain",14.08,0,0,0.5984
205,44,"pain",27.2433333333333,0,0,0.335133333333334
206,44,"pain",0.273333333333333,0,0,0.874533333333333
207,44,"pain",15.59,0,0,0.5682
208,44,"pain",3.76,0,0,0.8048
