"True_positive_rate","False_positive_rate","Cutoff","Area_under_the_ROC_curve","model"
0,0,Inf,0.462044438978396,"noxious TCF"
0,0.0069364161849711,0.031509680015836,0.462044438978396,"noxious TCF"
0,0.00867052023121387,0.0315043947248203,0.462044438978396,"noxious TCF"
0.00709219858156028,0.00982658959537572,0.0315017514997235,0.462044438978396,"noxious TCF"
0.00709219858156028,0.0132947976878613,0.031499107888043,0.462044438978396,"noxious TCF"
0.00709219858156028,0.0167630057803468,0.0314964638896357,0.462044438978396,"noxious TCF"
0.0212765957446809,0.0242774566473988,0.0314938195043582,0.462044438978396,"noxious TCF"
0.0354609929078014,0.0283236994219653,0.0314885295726184,0.462044438978396,"noxious TCF"
0.0425531914893617,0.0364161849710983,0.0314858840258689,0.462044438978396,"noxious TCF"
0.049645390070922,0.0445086705202312,0.0314832380916749,0.462044438978396,"noxious TCF"
0.049645390070922,0.0479768786127168,0.0314805917698925,0.462044438978396,"noxious TCF"
0.0638297872340425,0.0485549132947977,0.0314752979629869,0.462044438978396,"noxious TCF"
0.0638297872340425,0.0502890173410405,0.0314726504775756,0.462044438978396,"noxious TCF"
0.0851063829787234,0.0502890173410405,0.0314673543421154,0.462044438978396,"noxious TCF"
0.099290780141844,0.0543352601156069,0.0314594072251661,0.462044438978396,"noxious TCF"
0.099290780141844,0.0560693641618497,0.0314381977916744,0.462044438978396,"noxious TCF"
0.099290780141844,0.0578034682080925,0.0313210976858027,0.462044438978396,"noxious TCF"
0.106382978723404,0.0589595375722543,0.0312595815401617,0.462044438978396,"noxious TCF"
0.106382978723404,0.0606936416184971,0.0311924761119251,0.462044438978396,"noxious TCF"
0.106382978723404,0.0624277456647399,0.0311197187099532,0.462044438978396,"noxious TCF"
0.106382978723404,0.0641618497109827,0.0311116162511692,0.462044438978396,"noxious TCF"
0.113475177304965,0.0653179190751445,0.0310547958734823,0.462044438978396,"noxious TCF"
0.113475177304965,0.0670520231213873,0.0309950749761552,0.462044438978396,"noxious TCF"
0.113475177304965,0.06878612716763,0.0309215062666983,0.462044438978396,"noxious TCF"
0.113475177304965,0.0705202312138728,0.0308531143882814,0.462044438978396,"noxious TCF"
0.113475177304965,0.0722543352601156,0.0307100078723664,0.462044438978396,"noxious TCF"
0.113475177304965,0.0739884393063584,0.0306574284607148,0.462044438978396,"noxious TCF"
0.113475177304965,0.0757225433526012,0.0305015377712062,0.462044438978396,"noxious TCF"
0.113475177304965,0.0774566473988439,0.030394960599296,0.462044438978396,"noxious TCF"
0.113475177304965,0.0791907514450867,0.0303865189043004,0.462044438978396,"noxious TCF"
0.113475177304965,0.0809248554913295,0.0303752569648993,0.462044438978396,"noxious TCF"
0.113475177304965,0.0826589595375723,0.0303724403455862,0.462044438978396,"noxious TCF"
0.113475177304965,0.084393063583815,0.030330136452874,0.462044438978396,"noxious TCF"
0.120567375886525,0.0855491329479769,0.0302905600698542,0.462044438978396,"noxious TCF"
0.127659574468085,0.0867052023121387,0.0302367050816216,0.462044438978396,"noxious TCF"
0.127659574468085,0.0884393063583815,0.0301227779670708,0.462044438978396,"noxious TCF"
0.134751773049645,0.0895953757225433,0.0300425813434458,0.462044438978396,"noxious TCF"
0.134751773049645,0.0913294797687861,0.0300167247214161,0.462044438978396,"noxious TCF"
0.148936170212766,0.0936416184971098,0.030008097244061,0.462044438978396,"noxious TCF"
0.148936170212766,0.0953757225433526,0.029973544172286,0.462044438978396,"noxious TCF"
0.148936170212766,0.0971098265895954,0.029933144613179,0.462044438978396,"noxious TCF"
0.148936170212766,0.0988439306358382,0.0298607660850548,0.462044438978396,"noxious TCF"
0.148936170212766,0.107514450867052,0.0298491572156476,0.462044438978396,"noxious TCF"
0.148936170212766,0.11271676300578,0.0298462537730319,0.462044438978396,"noxious TCF"
0.148936170212766,0.116184971098266,0.0298433498398903,0.462044438978396,"noxious TCF"
0.148936170212766,0.123121387283237,0.0298404454160126,0.462044438978396,"noxious TCF"
0.148936170212766,0.126589595375723,0.0298375405011882,0.462044438978396,"noxious TCF"
0.148936170212766,0.128323699421965,0.0298346350952065,0.462044438978396,"noxious TCF"
0.156028368794326,0.134104046242775,0.0298317291978566,0.462044438978396,"noxious TCF"
0.170212765957447,0.138150289017341,0.0298288228089276,0.462044438978396,"noxious TCF"
0.170212765957447,0.139884393063584,0.0298259159282085,0.462044438978396,"noxious TCF"
0.170212765957447,0.143352601156069,0.0298230085554879,0.462044438978396,"noxious TCF"
0.170212765957447,0.145086705202312,0.0298201006905544,0.462044438978396,"noxious TCF"
0.170212765957447,0.148554913294798,0.0298171923331967,0.462044438978396,"noxious TCF"
0.170212765957447,0.15028901734104,0.0298142834832028,0.462044438978396,"noxious TCF"
0.170212765957447,0.152023121387283,0.0298113741403612,0.462044438978396,"noxious TCF"
0.170212765957447,0.153757225433526,0.0298084643044596,0.462044438978396,"noxious TCF"
0.170212765957447,0.157225433526012,0.0298026431526284,0.462044438978396,"noxious TCF"
0.170212765957447,0.158959537572254,0.029799731836274,0.462044438978396,"noxious TCF"
0.170212765957447,0.16242774566474,0.0297968200260105,0.462044438978396,"noxious TCF"
0.170212765957447,0.165895953757225,0.029793907721625,0.462044438978396,"noxious TCF"
0.170212765957447,0.167630057803468,0.0297851678416075,0.462044438978396,"noxious TCF"
0.170212765957447,0.169364161849711,0.0297822535586042,0.462044438978396,"noxious TCF"
0.170212765957447,0.171098265895954,0.0297735077376136,0.462044438978396,"noxious TCF"
0.170212765957447,0.172832369942197,0.0297267878516506,0.462044438978396,"noxious TCF"
0.170212765957447,0.174566473988439,0.0297121617170445,0.462044438978396,"noxious TCF"
0.170212765957447,0.176300578034682,0.0297092349899247,0.462044438978396,"noxious TCF"
0.177304964539007,0.177456647398844,0.0296945938413869,0.462044438978396,"noxious TCF"
0.177304964539007,0.179190751445087,0.0296505950372738,0.462044438978396,"noxious TCF"
0.177304964539007,0.180924855491329,0.0296035377332366,0.462044438978396,"noxious TCF"
0.177304964539007,0.182658959537572,0.0295652078639595,0.462044438978396,"noxious TCF"
0.177304964539007,0.186127167630058,0.0295622558389246,0.462044438978396,"noxious TCF"
0.177304964539007,0.187861271676301,0.0295297497463466,0.462044438978396,"noxious TCF"
0.177304964539007,0.189595375722543,0.0294971814455928,0.462044438978396,"noxious TCF"
0.177304964539007,0.191329479768786,0.0294615810858186,0.462044438978396,"noxious TCF"
0.184397163120567,0.192485549132948,0.0294467255519079,0.462044438978396,"noxious TCF"
0.184397163120567,0.194219653179191,0.0293603059158006,0.462044438978396,"noxious TCF"
0.184397163120567,0.195953757225434,0.0292974496659831,0.462044438978396,"noxious TCF"
0.184397163120567,0.197687861271676,0.0291891486962237,0.462044438978396,"noxious TCF"
0.184397163120567,0.199421965317919,0.0291559173946637,0.462044438978396,"noxious TCF"
0.184397163120567,0.201156069364162,0.029113527804539,0.462044438978396,"noxious TCF"
0.184397163120567,0.202890173410405,0.0290831838921536,0.462044438978396,"noxious TCF"
0.191489361702128,0.204046242774566,0.029052784999797,0.462044438978396,"noxious TCF"
0.191489361702128,0.205780346820809,0.0290284261299045,0.462044438978396,"noxious TCF"
0.191489361702128,0.207514450867052,0.0289122347153269,0.462044438978396,"noxious TCF"
0.191489361702128,0.209248554913295,0.0288415134214078,0.462044438978396,"noxious TCF"
0.191489361702128,0.210982658959538,0.0288106711127378,0.462044438978396,"noxious TCF"
0.191489361702128,0.21271676300578,0.0287921382379023,0.462044438978396,"noxious TCF"
0.191489361702128,0.214450867052023,0.0287581075252216,0.462044438978396,"noxious TCF"
0.191489361702128,0.216184971098266,0.0287146945660513,0.462044438978396,"noxious TCF"
0.198581560283688,0.217341040462428,0.028702269961212,0.462044438978396,"noxious TCF"
0.198581560283688,0.219075144508671,0.0286649401414921,0.462044438978396,"noxious TCF"
0.198581560283688,0.220809248554913,0.0286337675196229,0.462044438978396,"noxious TCF"
0.205673758865248,0.221965317919075,0.0286025360171986,0.462044438978396,"noxious TCF"
0.212765957446809,0.223121387283237,0.02856811301918,0.462044438978396,"noxious TCF"
0.212765957446809,0.22485549132948,0.0285367569424696,0.462044438978396,"noxious TCF"
0.212765957446809,0.226589595375723,0.0285273384781892,0.462044438978396,"noxious TCF"
0.212765957446809,0.228323699421965,0.0284833142929714,0.462044438978396,"noxious TCF"
0.212765957446809,0.230057803468208,0.0284486410426677,0.462044438978396,"noxious TCF"
0.212765957446809,0.231791907514451,0.0283632223594014,0.462044438978396,"noxious TCF"
0.212765957446809,0.233526011560694,0.0283600501461007,0.462044438978396,"noxious TCF"
0.212765957446809,0.235260115606936,0.0283410039571471,0.462044438978396,"noxious TCF"
0.212765957446809,0.236994219653179,0.0283346503024528,0.462044438978396,"noxious TCF"
0.212765957446809,0.238728323699422,0.028306028297328,0.462044438978396,"noxious TCF"
0.212765957446809,0.240462427745665,0.0282869191017708,0.462044438978396,"noxious TCF"
0.212765957446809,0.24393063583815,0.0282805444033405,0.462044438978396,"noxious TCF"
0.212765957446809,0.245664739884393,0.0282582133544063,0.462044438978396,"noxious TCF"
0.212765957446809,0.247398843930636,0.0282486335508676,0.462044438978396,"noxious TCF"
0.212765957446809,0.249132947976879,0.0282070559667046,0.462044438978396,"noxious TCF"
0.212765957446809,0.250867052023121,0.0281557375524023,0.462044438978396,"noxious TCF"
0.212765957446809,0.252601156069364,0.0281235811975751,0.462044438978396,"noxious TCF"
0.212765957446809,0.254335260115607,0.0280719983462808,0.462044438978396,"noxious TCF"
0.212765957446809,0.25606936416185,0.0280687689712602,0.462044438978396,"noxious TCF"
0.212765957446809,0.257803468208092,0.0280526124484563,0.462044438978396,"noxious TCF"
0.212765957446809,0.269942196531792,0.0280105299950541,0.462044438978396,"noxious TCF"
0.226950354609929,0.279190751445087,0.0280072883519717,0.462044438978396,"noxious TCF"
0.226950354609929,0.28092485549133,0.0280040460599165,0.462044438978396,"noxious TCF"
0.24113475177305,0.283236994219653,0.0280008031185582,0.462044438978396,"noxious TCF"
0.25531914893617,0.285549132947977,0.0279975595275661,0.462044438978396,"noxious TCF"
0.25531914893617,0.28728323699422,0.0279943152866093,0.462044438978396,"noxious TCF"
0.25531914893617,0.290751445086705,0.0279910703953566,0.462044438978396,"noxious TCF"
0.25531914893617,0.295953757225434,0.0279878248534764,0.462044438978396,"noxious TCF"
0.25531914893617,0.299421965317919,0.0279845786606369,0.462044438978396,"noxious TCF"
0.25531914893617,0.30635838150289,0.0279813318165062,0.462044438978396,"noxious TCF"
0.25531914893617,0.313294797687861,0.0279780843207519,0.462044438978396,"noxious TCF"
0.25531914893617,0.315028901734104,0.0279748361730415,0.462044438978396,"noxious TCF"
0.25531914893617,0.316763005780347,0.027971587373042,0.462044438978396,"noxious TCF"
0.25531914893617,0.31849710982659,0.0279683379204203,0.462044438978396,"noxious TCF"
0.25531914893617,0.320231213872832,0.0279618370559764,0.462044438978396,"noxious TCF"
0.25531914893617,0.321965317919075,0.0279455734506061,0.462044438978396,"noxious TCF"
0.25531914893617,0.323699421965318,0.0279358074264964,0.462044438978396,"noxious TCF"
0.25531914893617,0.325433526011561,0.0279325507729649,0.462044438978396,"noxious TCF"
0.25531914893617,0.327167630057803,0.0279097357934105,0.462044438978396,"noxious TCF"
0.25531914893617,0.328901734104046,0.027867279358128,0.462044438978396,"noxious TCF"
0.25531914893617,0.330635838150289,0.0278640088440425,0.462044438978396,"noxious TCF"
0.25531914893617,0.332369942196532,0.0278607376661853,0.462044438978396,"noxious TCF"
0.25531914893617,0.334104046242775,0.02784109664063,0.462044438978396,"noxious TCF"
0.26241134751773,0.335260115606936,0.0277886031225394,0.462044438978396,"noxious TCF"
0.26241134751773,0.336994219653179,0.0277622919667984,0.462044438978396,"noxious TCF"
0.26241134751773,0.338728323699422,0.0277557074396013,0.462044438978396,"noxious TCF"
0.26241134751773,0.340462427745665,0.0277524141633314,0.462044438978396,"noxious TCF"
0.26241134751773,0.342196531791908,0.0277062371984452,0.462044438978396,"noxious TCF"
0.26241134751773,0.34393063583815,0.0276731720431085,0.462044438978396,"noxious TCF"
0.26241134751773,0.345664739884393,0.0276499857500749,0.462044438978396,"noxious TCF"
0.26241134751773,0.347398843930636,0.0276433549204712,0.462044438978396,"noxious TCF"
0.269503546099291,0.348554913294798,0.0276267658110292,0.462044438978396,"noxious TCF"
0.269503546099291,0.35028901734104,0.0276134821201961,0.462044438978396,"noxious TCF"
0.269503546099291,0.352023121387283,0.0275602366183034,0.462044438978396,"noxious TCF"
0.269503546099291,0.353757225433526,0.0275535684239686,0.462044438978396,"noxious TCF"
0.269503546099291,0.355491329479769,0.0275502332810761,0.462044438978396,"noxious TCF"
0.283687943262411,0.35606936416185,0.0275468974405392,0.462044438978396,"noxious TCF"
0.283687943262411,0.357803468208093,0.0275268677259674,0.462044438978396,"noxious TCF"
0.283687943262411,0.359537572254335,0.0274766829729766,0.462044438978396,"noxious TCF"
0.283687943262411,0.361271676300578,0.0274532091455742,0.462044438978396,"noxious TCF"
0.283687943262411,0.363005780346821,0.0274464959665572,0.462044438978396,"noxious TCF"
0.283687943262411,0.364739884393064,0.0274162515062816,0.462044438978396,"noxious TCF"
0.283687943262411,0.366473988439306,0.0274061572038438,0.462044438978396,"noxious TCF"
0.283687943262411,0.368208092485549,0.0273960564762781,0.462044438978396,"noxious TCF"
0.283687943262411,0.369942196531792,0.0273690897117515,0.462044438978396,"noxious TCF"
0.283687943262411,0.373410404624277,0.0273657156385407,0.462044438978396,"noxious TCF"
0.283687943262411,0.376878612716763,0.027355589106054,0.462044438978396,"noxious TCF"
0.283687943262411,0.378612716763006,0.0273251706015452,0.462044438978396,"noxious TCF"
0.283687943262411,0.380346820809249,0.0273116324788427,0.462044438978396,"noxious TCF"
0.283687943262411,0.382080924855491,0.0273014712775734,0.462044438978396,"noxious TCF"
0.283687943262411,0.383815028901734,0.0272743427674732,0.462044438978396,"noxious TCF"
0.283687943262411,0.385549132947977,0.0271994981165318,0.462044438978396,"noxious TCF"
0.283687943262411,0.38728323699422,0.0271892644473664,0.462044438978396,"noxious TCF"
0.283687943262411,0.389017341040462,0.0271824383056375,0.462044438978396,"noxious TCF"
0.283687943262411,0.390751445086705,0.0271551041029989,0.462044438978396,"noxious TCF"
0.283687943262411,0.392485549132948,0.0271208694230789,0.462044438978396,"noxious TCF"
0.283687943262411,0.394219653179191,0.0271174418507637,0.462044438978396,"noxious TCF"
0.283687943262411,0.395953757225434,0.0271105844620259,0.462044438978396,"noxious TCF"
0.283687943262411,0.399421965317919,0.0271037240783738,0.462044438978396,"noxious TCF"
0.283687943262411,0.401156069364162,0.0271002927624144,0.462044438978396,"noxious TCF"
0.297872340425532,0.401734104046243,0.027096860696477,0.462044438978396,"noxious TCF"
0.297872340425532,0.403468208092486,0.0270865599946226,0.462044438978396,"noxious TCF"
0.297872340425532,0.405202312138728,0.0270659382850611,0.462044438978396,"noxious TCF"
0.297872340425532,0.408670520231214,0.0270556172546903,0.462044438978396,"noxious TCF"
0.297872340425532,0.410404624277457,0.0269866360837664,0.462044438978396,"noxious TCF"
0.297872340425532,0.412138728323699,0.0269797212162835,0.462044438978396,"noxious TCF"
0.297872340425532,0.413872832369942,0.0269728032895691,0.462044438978396,"noxious TCF"
0.297872340425532,0.415606936416185,0.0269693431779232,0.462044438978396,"noxious TCF"
0.297872340425532,0.417341040462428,0.0268372872756328,0.462044438978396,"noxious TCF"
0.304964539007092,0.41849710982659,0.026819827872835,0.462044438978396,"noxious TCF"
0.304964539007092,0.420231213872832,0.0268163336389793,0.462044438978396,"noxious TCF"
0.304964539007092,0.421965317919075,0.0267883514530677,0.462044438978396,"noxious TCF"
0.312056737588652,0.423121387283237,0.0267813480247519,0.462044438978396,"noxious TCF"
0.312056737588652,0.42485549132948,0.026746283410811,0.462044438978396,"noxious TCF"
0.312056737588652,0.428323699421965,0.0267392609680338,0.462044438978396,"noxious TCF"
0.312056737588652,0.430057803468208,0.0266970593633937,0.462044438978396,"noxious TCF"
0.319148936170213,0.43121387283237,0.0266935373675234,0.462044438978396,"noxious TCF"
0.319148936170213,0.432947976878613,0.0266618032829451,0.462044438978396,"noxious TCF"
0.319148936170213,0.434682080924855,0.0266406109928006,0.462044438978396,"noxious TCF"
0.319148936170213,0.436416184971098,0.0266264666360825,0.462044438978396,"noxious TCF"
0.319148936170213,0.438150289017341,0.0265413271487507,0.462044438978396,"noxious TCF"
0.319148936170213,0.439884393063584,0.026537769443241,0.462044438978396,"noxious TCF"
0.319148936170213,0.441618497109827,0.0265128424526185,0.462044438978396,"noxious TCF"
0.319148936170213,0.443352601156069,0.0264628669231291,0.462044438978396,"noxious TCF"
0.319148936170213,0.445086705202312,0.0264306537093862,0.462044438978396,"noxious TCF"
0.319148936170213,0.446820809248555,0.0264163149838863,0.462044438978396,"noxious TCF"
0.319148936170213,0.448554913294798,0.0264091405888999,0.462044438978396,"noxious TCF"
0.326241134751773,0.44971098265896,0.0263552252437696,0.462044438978396,"noxious TCF"
0.326241134751773,0.451445086705202,0.0263516241254812,0.462044438978396,"noxious TCF"
0.326241134751773,0.453179190751445,0.0263083444072439,0.462044438978396,"noxious TCF"
0.326241134751773,0.454913294797688,0.0262758039398608,0.462044438978396,"noxious TCF"
0.326241134751773,0.456647398843931,0.0262359377395632,0.462044438978396,"noxious TCF"
0.333333333333333,0.457803468208092,0.0262286781195423,0.462044438978396,"noxious TCF"
0.333333333333333,0.459537572254335,0.0262177821954871,0.462044438978396,"noxious TCF"
0.333333333333333,0.461271676300578,0.0262105139106257,0.462044438978396,"noxious TCF"
0.333333333333333,0.463005780346821,0.0260790867141449,0.462044438978396,"noxious TCF"
0.333333333333333,0.464739884393064,0.0260129432742628,0.462044438978396,"noxious TCF"
0.333333333333333,0.466473988439306,0.0259982053502099,0.462044438978396,"noxious TCF"
0.333333333333333,0.468208092485549,0.0259797626939753,0.462044438978396,"noxious TCF"
0.333333333333333,0.469942196531792,0.0259391093160055,0.462044438978396,"noxious TCF"
0.333333333333333,0.471676300578035,0.0259168884409352,0.462044438978396,"noxious TCF"
0.333333333333333,0.473410404624277,0.0259020562855811,0.462044438978396,"noxious TCF"
0.340425531914894,0.474566473988439,0.0258537505256745,0.462044438978396,"noxious TCF"
0.347517730496454,0.475722543352601,0.0258164862709233,0.462044438978396,"noxious TCF"
0.347517730496454,0.477456647398844,0.025790346112983,0.462044438978396,"noxious TCF"
0.347517730496454,0.479190751445087,0.0257491763650371,0.462044438978396,"noxious TCF"
0.347517730496454,0.480924855491329,0.0257416787770923,0.462044438978396,"noxious TCF"
0.347517730496454,0.484393063583815,0.0257304253447628,0.462044438978396,"noxious TCF"
0.354609929078014,0.485549132947977,0.0257078930390433,0.462044438978396,"noxious TCF"
0.354609929078014,0.48728323699422,0.0256853267031136,0.462044438978396,"noxious TCF"
0.361702127659574,0.488439306358382,0.0256777970062037,0.462044438978396,"noxious TCF"
0.361702127659574,0.490173410404624,0.0256438662670287,0.462044438978396,"noxious TCF"
0.361702127659574,0.491907514450867,0.0256212027965991,0.462044438978396,"noxious TCF"
0.361702127659574,0.49364161849711,0.0256098581180668,0.462044438978396,"noxious TCF"
0.361702127659574,0.495375722543353,0.0255833535287083,0.462044438978396,"noxious TCF"
0.361702127659574,0.497109826589595,0.0255795633013243,0.462044438978396,"noxious TCF"
0.361702127659574,0.498843930635838,0.0255757721076924,0.462044438978396,"noxious TCF"
0.361702127659574,0.500578034682081,0.0255302021875251,0.462044438978396,"noxious TCF"
0.361702127659574,0.502312138728324,0.025518787824862,0.462044438978396,"noxious TCF"
0.361702127659574,0.504046242774566,0.0253888067214189,0.462044438978396,"noxious TCF"
0.368794326241135,0.505202312138728,0.0253811250809534,0.462044438978396,"noxious TCF"
0.390070921985816,0.505202312138728,0.0253772827613552,0.462044438978396,"noxious TCF"
0.390070921985816,0.506936416184971,0.0253695951201097,0.462044438978396,"noxious TCF"
0.390070921985816,0.508670520231214,0.0253657497971333,0.462044438978396,"noxious TCF"
0.390070921985816,0.510404624277457,0.0253542078107992,0.462044438978396,"noxious TCF"
0.390070921985816,0.512138728323699,0.025342656784341,0.462044438978396,"noxious TCF"
0.390070921985816,0.513872832369942,0.0253349510688234,0.462044438978396,"noxious TCF"
0.390070921985816,0.515606936416185,0.0253233849353075,0.462044438978396,"noxious TCF"
0.390070921985816,0.517341040462428,0.0253002253847286,0.462044438978396,"noxious TCF"
0.404255319148936,0.517919075144509,0.0251994436614663,0.462044438978396,"noxious TCF"
0.404255319148936,0.519653179190751,0.0251682941445255,0.462044438978396,"noxious TCF"
0.404255319148936,0.521387283236994,0.0251604964055698,0.462044438978396,"noxious TCF"
0.404255319148936,0.523121387283237,0.0251565959782658,0.462044438978396,"noxious TCF"
0.404255319148936,0.526589595375723,0.0251292638417517,0.462044438978396,"noxious TCF"
0.404255319148936,0.528323699421965,0.025121445270458,0.462044438978396,"noxious TCF"
0.404255319148936,0.530057803468208,0.0251136225156488,0.462044438978396,"noxious TCF"
0.418439716312057,0.532369942196532,0.0250665978122221,0.462044438978396,"noxious TCF"
0.418439716312057,0.534104046242775,0.0250508891825436,0.462044438978396,"noxious TCF"
0.418439716312057,0.535838150289017,0.0250469593798296,0.462044438978396,"noxious TCF"
0.418439716312057,0.53757225433526,0.0250351636113379,0.462044438978396,"noxious TCF"
0.425531914893617,0.538728323699422,0.0250115433870309,0.462044438978396,"noxious TCF"
0.446808510638298,0.538728323699422,0.0249760410348223,0.462044438978396,"noxious TCF"
0.446808510638298,0.540462427745665,0.024952324556624,0.462044438978396,"noxious TCF"
0.453900709219858,0.541618497109827,0.0249364920353443,0.462044438978396,"noxious TCF"
0.453900709219858,0.543352601156069,0.0248849167193975,0.462044438978396,"noxious TCF"
0.475177304964539,0.543352601156069,0.0248809417777859,0.462044438978396,"noxious TCF"
0.475177304964539,0.545086705202312,0.0248451181214036,0.462044438978396,"noxious TCF"
0.475177304964539,0.546820809248555,0.0248251777030861,0.462044438978396,"noxious TCF"
0.475177304964539,0.548554913294798,0.0247972148258058,0.462044438978396,"noxious TCF"
0.475177304964539,0.55028901734104,0.0247852141444494,0.462044438978396,"noxious TCF"
0.475177304964539,0.552023121387283,0.0247812116994519,0.462044438978396,"noxious TCF"
0.475177304964539,0.553757225433526,0.0247451396388854,0.462044438978396,"noxious TCF"
0.475177304964539,0.557225433526012,0.0247411260559516,0.462044438978396,"noxious TCF"
0.49645390070922,0.557225433526012,0.0247330955348535,0.462044438978396,"noxious TCF"
0.49645390070922,0.558959537572254,0.0246606185241698,0.462044438978396,"noxious TCF"
0.49645390070922,0.560693641618497,0.0246363780897045,0.462044438978396,"noxious TCF"
0.49645390070922,0.56242774566474,0.0246201950287129,0.462044438978396,"noxious TCF"
0.49645390070922,0.564161849710983,0.0245349328493392,0.462044438978396,"noxious TCF"
0.49645390070922,0.565895953757225,0.0244778077019205,0.462044438978396,"noxious TCF"
0.49645390070922,0.567630057803468,0.0244573503259119,0.462044438978396,"noxious TCF"
0.49645390070922,0.571098265895954,0.0243546202491534,0.462044438978396,"noxious TCF"
0.49645390070922,0.572832369942197,0.0243339848290743,0.462044438978396,"noxious TCF"
0.49645390070922,0.574566473988439,0.0243257222505657,0.462044438978396,"noxious TCF"
0.50354609929078,0.575722543352601,0.0243215891554936,0.462044438978396,"noxious TCF"
0.50354609929078,0.577456647398844,0.0242884809368295,0.462044438978396,"noxious TCF"
0.50354609929078,0.579190751445087,0.0242801917774371,0.462044438978396,"noxious TCF"
0.50354609929078,0.58092485549133,0.0242760453770587,0.462044438978396,"noxious TCF"
0.50354609929078,0.582658959537572,0.0242718977616822,0.462044438978396,"noxious TCF"
0.50354609929078,0.584393063583815,0.0242095371106117,0.462044438978396,"noxious TCF"
0.50354609929078,0.586127167630058,0.0241719881136428,0.462044438978396,"noxious TCF"
0.50354609929078,0.5878612716763,0.0241385270605896,0.462044438978396,"noxious TCF"
0.524822695035461,0.5878612716763,0.0241091832624709,0.462044438978396,"noxious TCF"
0.524822695035461,0.589595375722543,0.0240923878497387,0.462044438978396,"noxious TCF"
0.524822695035461,0.591329479768786,0.0240460966552827,0.462044438978396,"noxious TCF"
0.531914893617021,0.592485549132948,0.0239742537844769,0.462044438978396,"noxious TCF"
0.539007092198582,0.595375722543353,0.0239700162304345,0.462044438978396,"noxious TCF"
0.560283687943262,0.595375722543353,0.0239445639000471,0.462044438978396,"noxious TCF"
0.560283687943262,0.597109826589595,0.0239360694779281,0.462044438978396,"noxious TCF"
0.560283687943262,0.600578034682081,0.0239233181497257,0.462044438978396,"noxious TCF"
0.560283687943262,0.602312138728324,0.0238977804915845,0.462044438978396,"noxious TCF"
0.560283687943262,0.605780346820809,0.023867927327034,0.462044438978396,"noxious TCF"
0.560283687943262,0.607514450867052,0.0238508396101621,0.462044438978396,"noxious TCF"
0.560283687943262,0.609248554913295,0.0238037398956239,0.462044438978396,"noxious TCF"
0.560283687943262,0.610982658959538,0.0237994501798561,0.462044438978396,"noxious TCF"
0.560283687943262,0.61271676300578,0.0237822780553268,0.462044438978396,"noxious TCF"
0.560283687943262,0.614450867052023,0.023726321414372,0.462044438978396,"noxious TCF"
0.560283687943262,0.616184971098266,0.0237176926130302,0.462044438978396,"noxious TCF"
0.560283687943262,0.617919075144509,0.0236831235140655,0.462044438978396,"noxious TCF"
0.560283687943262,0.619653179190751,0.0236614738636473,0.462044438978396,"noxious TCF"
0.560283687943262,0.621387283236994,0.0236224187697601,0.462044438978396,"noxious TCF"
0.560283687943262,0.623121387283237,0.0236006736287094,0.462044438978396,"noxious TCF"
0.560283687943262,0.62485549132948,0.0235876100576629,0.462044438978396,"noxious TCF"
0.560283687943262,0.626589595375723,0.0235701726666057,0.462044438978396,"noxious TCF"
0.560283687943262,0.628323699421965,0.0235396039666296,0.462044438978396,"noxious TCF"
0.560283687943262,0.630057803468208,0.0235045848705504,0.462044438978396,"noxious TCF"
0.567375886524823,0.63121387283237,0.0234738697154543,0.462044438978396,"noxious TCF"
0.567375886524823,0.632947976878613,0.0234254635605681,0.462044438978396,"noxious TCF"
0.567375886524823,0.634682080924855,0.0233857307822844,0.462044438978396,"noxious TCF"
0.567375886524823,0.636416184971098,0.0233768855685025,0.462044438978396,"noxious TCF"
0.567375886524823,0.638150289017341,0.0233724608125953,0.462044438978396,"noxious TCF"
0.567375886524823,0.639884393063584,0.0233591779345672,0.462044438978396,"noxious TCF"
0.567375886524823,0.641618497109827,0.0233325733248967,0.462044438978396,"noxious TCF"
0.567375886524823,0.643352601156069,0.0232881165791955,0.462044438978396,"noxious TCF"
0.574468085106383,0.646242774566474,0.0232301047878344,0.462044438978396,"noxious TCF"
0.574468085106383,0.647976878612717,0.0232032463134388,0.462044438978396,"noxious TCF"
0.574468085106383,0.64971098265896,0.0231942816575998,0.462044438978396,"noxious TCF"
0.574468085106383,0.651445086705202,0.0231853110695797,0.462044438978396,"noxious TCF"
0.574468085106383,0.653179190751445,0.0231538671504172,0.462044438978396,"noxious TCF"
0.581560283687943,0.654335260115607,0.0231358663477942,0.462044438978396,"noxious TCF"
0.602836879432624,0.654335260115607,0.0231223500057414,0.462044438978396,"noxious TCF"
0.602836879432624,0.65606936416185,0.023104307163948,0.462044438978396,"noxious TCF"
0.602836879432624,0.659537572254335,0.023081719661845,0.462044438978396,"noxious TCF"
0.602836879432624,0.661271676300578,0.0230636223994778,0.462044438978396,"noxious TCF"
0.602836879432624,0.663005780346821,0.0230590942868588,0.462044438978396,"noxious TCF"
0.602836879432624,0.664739884393064,0.0230409666091298,0.462044438978396,"noxious TCF"
0.602836879432624,0.666473988439306,0.0230000898963642,0.462044438978396,"noxious TCF"
0.602836879432624,0.668208092485549,0.0229909892924213,0.462044438978396,"noxious TCF"
0.602836879432624,0.669942196531792,0.0229636504488149,0.462044438978396,"noxious TCF"
0.602836879432624,0.671676300578035,0.0229590885603601,0.462044438978396,"noxious TCF"
0.617021276595745,0.673988439306358,0.0229179616257639,0.462044438978396,"noxious TCF"
0.617021276595745,0.675722543352601,0.02291338417058,0.462044438978396,"noxious TCF"
0.617021276595745,0.677456647398844,0.0228950586947135,0.462044438978396,"noxious TCF"
0.617021276595745,0.679190751445087,0.0228537344166322,0.462044438978396,"noxious TCF"
0.617021276595745,0.68092485549133,0.0228491349383634,0.462044438978396,"noxious TCF"
0.617021276595745,0.684393063583815,0.0228215047674186,0.462044438978396,"noxious TCF"
0.617021276595745,0.686127167630058,0.022807668210963,0.462044438978396,"noxious TCF"
0.617021276595745,0.687861271676301,0.0227891971174811,0.462044438978396,"noxious TCF"
0.617021276595745,0.689595375722543,0.022761442396992,0.462044438978396,"noxious TCF"
0.617021276595745,0.691329479768786,0.0227150555539105,0.462044438978396,"noxious TCF"
0.617021276595745,0.693063583815029,0.0226964554063674,0.462044438978396,"noxious TCF"
0.617021276595745,0.694797687861272,0.0226545095465381,0.462044438978396,"noxious TCF"
0.617021276595745,0.696531791907514,0.0226217929941505,0.462044438978396,"noxious TCF"
0.617021276595745,0.698265895953757,0.0226124305427998,0.462044438978396,"noxious TCF"
0.617021276595745,0.7,0.0225983744334793,0.462044438978396,"noxious TCF"
0.617021276595745,0.703468208092486,0.0225936857424212,0.462044438978396,"noxious TCF"
0.617021276595745,0.705202312138728,0.0225702173096557,0.462044438978396,"noxious TCF"
0.617021276595745,0.706936416184971,0.0225325808605277,0.462044438978396,"noxious TCF"
0.617021276595745,0.708670520231214,0.0225090034339981,0.462044438978396,"noxious TCF"
0.624113475177305,0.709826589595376,0.0225042828829256,0.462044438978396,"noxious TCF"
0.631205673758865,0.710982658959538,0.0224759239859483,0.462044438978396,"noxious TCF"
0.631205673758865,0.71271676300578,0.0224427611619196,0.462044438978396,"noxious TCF"
0.638297872340426,0.715606936416185,0.0224380167780516,0.462044438978396,"noxious TCF"
0.638297872340426,0.717341040462428,0.022352323208246,0.462044438978396,"noxious TCF"
0.638297872340426,0.71907514450867,0.0223332038319406,0.462044438978396,"noxious TCF"
0.645390070921986,0.720231213872832,0.0223284196181205,0.462044438978396,"noxious TCF"
0.645390070921986,0.721965317919075,0.0223092652347499,0.462044438978396,"noxious TCF"
0.652482269503546,0.723121387283237,0.022270871990448,0.462044438978396,"noxious TCF"
0.659574468085106,0.724277456647399,0.0222082408425014,0.462044438978396,"noxious TCF"
0.659574468085106,0.726011560693642,0.0221985784806855,0.462044438978396,"noxious TCF"
0.659574468085106,0.727745664739884,0.022188908933571,0.462044438978396,"noxious TCF"
0.659574468085106,0.729479768786127,0.022125880787027,0.462044438978396,"noxious TCF"
0.666666666666667,0.730635838150289,0.0221064257325869,0.462044438978396,"noxious TCF"
0.666666666666667,0.732369942196532,0.0220918152408775,0.462044438978396,"noxious TCF"
0.673758865248227,0.733526011560694,0.0220527730805807,0.462044438978396,"noxious TCF"
0.673758865248227,0.735260115606936,0.0220429940887381,0.462044438978396,"noxious TCF"
0.695035460992908,0.736994219653179,0.0219497220844273,0.462044438978396,"noxious TCF"
0.695035460992908,0.738728323699422,0.021920126843872,0.462044438978396,"noxious TCF"
0.695035460992908,0.740462427745665,0.0218904632727845,0.462044438978396,"noxious TCF"
0.695035460992908,0.742196531791907,0.0218805601613113,0.462044438978396,"noxious TCF"
0.695035460992908,0.74393063583815,0.0218706493974995,0.462044438978396,"noxious TCF"
0.709219858156028,0.744508670520231,0.0218060418565907,0.462044438978396,"noxious TCF"
0.716312056737589,0.745664739884393,0.0217561206628,0.462044438978396,"noxious TCF"
0.716312056737589,0.749132947976879,0.0217110239523755,0.462044438978396,"noxious TCF"
0.716312056737589,0.750867052023121,0.0216859010476907,0.462044438978396,"noxious TCF"
0.74468085106383,0.752023121387283,0.0216456008594129,0.462044438978396,"noxious TCF"
0.75886524822695,0.752601156069364,0.0216304552564037,0.462044438978396,"noxious TCF"
0.75886524822695,0.754335260115607,0.0216102329487125,0.462044438978396,"noxious TCF"
0.75886524822695,0.75606936416185,0.0215849096051484,0.462044438978396,"noxious TCF"
0.765957446808511,0.757225433526012,0.0215646144015851,0.462044438978396,"noxious TCF"
0.765957446808511,0.758959537572254,0.0215595355099022,0.462044438978396,"noxious TCF"
0.765957446808511,0.760693641618497,0.0215493716029308,0.462044438978396,"noxious TCF"
0.765957446808511,0.76242774566474,0.0215137334095693,0.462044438978396,"noxious TCF"
0.765957446808511,0.764161849710983,0.0214779942991635,0.462044438978396,"noxious TCF"
0.787234042553192,0.765895953757225,0.0214524041707297,0.462044438978396,"noxious TCF"
0.787234042553192,0.767630057803468,0.0214421535372861,0.462044438978396,"noxious TCF"
0.787234042553192,0.771098265895954,0.021323666043686,0.462044438978396,"noxious TCF"
0.787234042553192,0.772832369942197,0.0213184889216347,0.462044438978396,"noxious TCF"
0.787234042553192,0.774566473988439,0.0213081282461188,0.462044438978396,"noxious TCF"
0.787234042553192,0.776300578034682,0.0212925711201783,0.462044438978396,"noxious TCF"
0.787234042553192,0.778034682080925,0.021266599457412,0.462044438978396,"noxious TCF"
0.801418439716312,0.778612716763006,0.0212405736459453,0.462044438978396,"noxious TCF"
0.801418439716312,0.780346820809249,0.0211569237773911,0.462044438978396,"noxious TCF"
0.801418439716312,0.782080924855491,0.0211148867790671,0.462044438978396,"noxious TCF"
0.801418439716312,0.783815028901734,0.0211096221239355,0.462044438978396,"noxious TCF"
0.815602836879433,0.784393063583815,0.0210938147265493,0.462044438978396,"noxious TCF"
0.822695035460993,0.78728323699422,0.0210727067642116,0.462044438978396,"noxious TCF"
0.822695035460993,0.789017341040462,0.0210674241443367,0.462044438978396,"noxious TCF"
0.822695035460993,0.790751445086705,0.0210568521321991,0.462044438978396,"noxious TCF"
0.822695035460993,0.792485549132948,0.0210462710737278,0.462044438978396,"noxious TCF"
0.822695035460993,0.794219653179191,0.0210144734215458,0.462044438978396,"noxious TCF"
0.822695035460993,0.795953757225433,0.0209399585404589,0.462044438978396,"noxious TCF"
0.822695035460993,0.797687861271676,0.0209025312284798,0.462044438978396,"noxious TCF"
0.822695035460993,0.799421965317919,0.02085424213275,0.462044438978396,"noxious TCF"
0.822695035460993,0.801156069364162,0.0208381034018748,0.462044438978396,"noxious TCF"
0.829787234042553,0.802312138728324,0.0207787452544216,0.462044438978396,"noxious TCF"
0.829787234042553,0.804046242774566,0.0207027786464529,0.462044438978396,"noxious TCF"
0.836879432624113,0.806936416184971,0.0206973342873547,0.462044438978396,"noxious TCF"
0.836879432624113,0.808670520231214,0.0206482250157299,0.462044438978396,"noxious TCF"
0.836879432624113,0.810404624277457,0.0206208560065003,0.462044438978396,"noxious TCF"
0.836879432624113,0.812138728323699,0.0206098910804574,0.462044438978396,"noxious TCF"
0.836879432624113,0.813872832369942,0.0205989162214918,0.462044438978396,"noxious TCF"
0.836879432624113,0.817341040462428,0.0205934250599551,0.462044438978396,"noxious TCF"
0.836879432624113,0.81907514450867,0.0205714354658909,0.462044438978396,"noxious TCF"
0.836879432624113,0.820809248554913,0.0205604256594021,0.462044438978396,"noxious TCF"
0.836879432624113,0.822543352601156,0.0205549169935786,0.462044438978396,"noxious TCF"
0.836879432624113,0.824277456647399,0.0205438921221187,0.462044438978396,"noxious TCF"
0.836879432624113,0.826011560693642,0.0205218121375326,0.462044438978396,"noxious TCF"
0.836879432624113,0.827745664739884,0.0205107569771113,0.462044438978396,"noxious TCF"
0.836879432624113,0.829479768786127,0.0205052255944787,0.462044438978396,"noxious TCF"
0.836879432624113,0.83121387283237,0.0204830746448404,0.462044438978396,"noxious TCF"
0.836879432624113,0.832947976878613,0.0204775305376769,0.462044438978396,"noxious TCF"
0.836879432624113,0.834682080924856,0.020455328539716,0.462044438978396,"noxious TCF"
0.836879432624113,0.836416184971098,0.0204330854855016,0.462044438978396,"noxious TCF"
0.836879432624113,0.838150289017341,0.020416376134411,0.462044438978396,"noxious TCF"
0.836879432624113,0.839884393063584,0.0204108011800089,0.462044438978396,"noxious TCF"
0.836879432624113,0.841618497109827,0.0203772969453113,0.462044438978396,"noxious TCF"
0.836879432624113,0.843352601156069,0.0203661080275741,0.462044438978396,"noxious TCF"
0.836879432624113,0.845086705202312,0.0203493050281379,0.462044438978396,"noxious TCF"
0.836879432624113,0.846820809248555,0.0203436987830193,0.462044438978396,"noxious TCF"
0.836879432624113,0.848554913294798,0.0203268642676209,0.462044438978396,"noxious TCF"
0.836879432624113,0.85028901734104,0.0202874912742268,0.462044438978396,"noxious TCF"
0.843971631205674,0.853179190751445,0.0202705773019108,0.462044438978396,"noxious TCF"
0.843971631205674,0.854913294797688,0.0202479879515544,0.462044438978396,"noxious TCF"
0.843971631205674,0.858381502890173,0.0202310177846463,0.462044438978396,"noxious TCF"
0.858156028368794,0.858959537572254,0.0202083531886873,0.462044438978396,"noxious TCF"
0.858156028368794,0.860693641618497,0.0202026802844163,0.462044438978396,"noxious TCF"
0.858156028368794,0.86242774566474,0.0201856453060022,0.462044438978396,"noxious TCF"
0.858156028368794,0.864161849710983,0.0201742750658161,0.462044438978396,"noxious TCF"
0.865248226950355,0.865317919075145,0.0200542241960553,0.462044438978396,"noxious TCF"
0.865248226950355,0.867052023121387,0.0200254600389643,0.462044438978396,"noxious TCF"
0.865248226950355,0.86878612716763,0.0199908501276083,0.462044438978396,"noxious TCF"
0.872340425531915,0.871676300578035,0.0199677201820804,0.462044438978396,"noxious TCF"
0.879432624113475,0.872832369942196,0.0199329396837152,0.462044438978396,"noxious TCF"
0.879432624113475,0.874566473988439,0.019927132903276,0.462044438978396,"noxious TCF"
0.879432624113475,0.876300578034682,0.0199038769888386,0.462044438978396,"noxious TCF"
0.879432624113475,0.878034682080925,0.0198922317046971,0.462044438978396,"noxious TCF"
0.879432624113475,0.879768786127168,0.0198396840642766,0.462044438978396,"noxious TCF"
0.879432624113475,0.88150289017341,0.0197986496686409,0.462044438978396,"noxious TCF"
0.879432624113475,0.883236994219653,0.019739777367899,0.462044438978396,"noxious TCF"
0.879432624113475,0.884971098265896,0.019716144767903,0.462044438978396,"noxious TCF"
0.886524822695035,0.886127167630058,0.0197102290977915,0.462044438978396,"noxious TCF"
0.893617021276596,0.88728323699422,0.0196270912401817,0.462044438978396,"noxious TCF"
0.893617021276596,0.889017341040462,0.0194468966264408,0.462044438978396,"noxious TCF"
0.893617021276596,0.890751445086705,0.0194165874998229,0.462044438978396,"noxious TCF"
0.893617021276596,0.892485549132948,0.0193922822745589,0.462044438978396,"noxious TCF"
0.893617021276596,0.894219653179191,0.0193801102573509,0.462044438978396,"noxious TCF"
0.893617021276596,0.897687861271676,0.0193435161619936,0.462044438978396,"noxious TCF"
0.893617021276596,0.899421965317919,0.0192638234708148,0.462044438978396,"noxious TCF"
0.900709219858156,0.900578034682081,0.0192453532496905,0.462044438978396,"noxious TCF"
0.907801418439716,0.903468208092486,0.0192391898237003,0.462044438978396,"noxious TCF"
0.907801418439716,0.905202312138728,0.0191959517631866,0.462044438978396,"noxious TCF"
0.914893617021277,0.90635838150289,0.019183567650786,0.462044438978396,"noxious TCF"
0.914893617021277,0.908092485549133,0.0190902515405662,0.462044438978396,"noxious TCF"
0.914893617021277,0.909826589595376,0.0190714952711762,0.462044438978396,"noxious TCF"
0.914893617021277,0.911560693641619,0.0190652362268007,0.462044438978396,"noxious TCF"
0.914893617021277,0.913294797687861,0.0190401651437557,0.462044438978396,"noxious TCF"
0.914893617021277,0.915028901734104,0.0190150379714151,0.462044438978396,"noxious TCF"
0.921985815602837,0.916184971098266,0.0189961555893726,0.462044438978396,"noxious TCF"
0.929078014184397,0.917341040462428,0.0189012628594771,0.462044438978396,"noxious TCF"
0.929078014184397,0.91907514450867,0.0188821871674847,0.462044438978396,"noxious TCF"
0.929078014184397,0.920809248554913,0.0188630787614855,0.462044438978396,"noxious TCF"
0.929078014184397,0.922543352601156,0.0186831294100823,0.462044438978396,"noxious TCF"
0.929078014184397,0.926011560693642,0.0184539802406868,0.462044438978396,"noxious TCF"
0.929078014184397,0.927745664739884,0.0184473620832871,0.462044438978396,"noxious TCF"
0.929078014184397,0.929479768786127,0.0184274834526737,0.462044438978396,"noxious TCF"
0.936170212765957,0.932369942196532,0.0181111910220609,0.462044438978396,"noxious TCF"
0.943262411347518,0.933526011560694,0.0181043593807483,0.462044438978396,"noxious TCF"
0.943262411347518,0.935260115606936,0.01807698910479,0.462044438978396,"noxious TCF"
0.943262411347518,0.936994219653179,0.018042677369885,0.462044438978396,"noxious TCF"
0.943262411347518,0.938728323699422,0.0179390740991022,0.462044438978396,"noxious TCF"
0.943262411347518,0.940462427745665,0.0178274369877824,0.462044438978396,"noxious TCF"
0.943262411347518,0.942196531791908,0.0177923069411611,0.462044438978396,"noxious TCF"
0.943262411347518,0.94393063583815,0.0177429269893459,0.462044438978396,"noxious TCF"
0.943262411347518,0.945664739884393,0.0177358537231122,0.462044438978396,"noxious TCF"
0.943262411347518,0.947398843930636,0.0177146052622577,0.462044438978396,"noxious TCF"
0.943262411347518,0.949132947976879,0.0176505999674478,0.462044438978396,"noxious TCF"
0.943262411347518,0.950867052023121,0.0175646445501329,0.462044438978396,"noxious TCF"
0.943262411347518,0.952601156069364,0.0175286191504252,0.462044438978396,"noxious TCF"
0.943262411347518,0.954335260115607,0.0175141739043173,0.462044438978396,"noxious TCF"
0.957446808510638,0.954913294797688,0.0174924682181062,0.462044438978396,"noxious TCF"
0.957446808510638,0.956647398843931,0.0174124886998104,0.462044438978396,"noxious TCF"
0.957446808510638,0.958381502890173,0.0173612678215831,0.462044438978396,"noxious TCF"
0.957446808510638,0.960115606936416,0.0171986024478589,0.462044438978396,"noxious TCF"
0.957446808510638,0.961849710982659,0.0171537856269088,0.462044438978396,"noxious TCF"
0.957446808510638,0.963583815028902,0.0171162867066031,0.462044438978396,"noxious TCF"
0.957446808510638,0.965317919075145,0.0170408699535523,0.462044438978396,"noxious TCF"
0.957446808510638,0.967052023121387,0.0169801284373217,0.462044438978396,"noxious TCF"
0.957446808510638,0.96878612716763,0.0167412174143165,0.462044438978396,"noxious TCF"
0.964539007092199,0.969942196531792,0.0167256053891684,0.462044438978396,"noxious TCF"
0.964539007092199,0.973410404624277,0.0167021411648974,0.462044438978396,"noxious TCF"
0.964539007092199,0.97514450867052,0.0165839772915786,0.462044438978396,"noxious TCF"
0.964539007092199,0.976878612716763,0.0165123921608177,0.462044438978396,"noxious TCF"
0.964539007092199,0.978612716763006,0.0163107478078543,0.462044438978396,"noxious TCF"
0.964539007092199,0.980346820809249,0.0162453266871389,0.462044438978396,"noxious TCF"
0.971631205673759,0.98150289017341,0.0157138546221744,0.462044438978396,"noxious TCF"
0.971631205673759,0.983236994219653,0.0156529094369201,0.462044438978396,"noxious TCF"
0.971631205673759,0.984971098265896,0.0155298065044032,0.462044438978396,"noxious TCF"
0.978723404255319,0.986127167630058,0.015369078535641,0.462044438978396,"noxious TCF"
0.978723404255319,0.9878612716763,0.0151040180123766,0.462044438978396,"noxious TCF"
0.978723404255319,0.989595375722543,0.0149637963166192,0.462044438978396,"noxious TCF"
0.978723404255319,0.991329479768786,0.0148881001980222,0.462044438978396,"noxious TCF"
0.978723404255319,0.993063583815029,0.0147636968555347,0.462044438978396,"noxious TCF"
0.978723404255319,0.994797687861272,0.0147347372082653,0.462044438978396,"noxious TCF"
0.978723404255319,0.996531791907514,0.0146570404651076,0.462044438978396,"noxious TCF"
0.978723404255319,0.998265895953757,0.0143289827547826,0.462044438978396,"noxious TCF"
1,0.998265895953757,0.014154952497719,0.462044438978396,"noxious TCF"
1,1,0.0133404744771157,0.462044438978396,"noxious TCF"
